Subject,Cond,Int,State,Prob
1,R,R,A,0.10625758877010098
1,R,R,B,0.0839577101904226
1,R,R,C,0.1110255574969645
1,R,R,D,0.11691888530221814
1,R,R,E,0.12405603103621879
1,R,R,F,0.12275298368229336
1,R,R,G,0.10430301773921284
1,R,R,H,0.11762963840435929
1,R,R,I,0.11309858737820949
1,C,H,A,0.11090763419938193
1,C,H,B,0.06924573652283393
1,C,H,C,0.18713517225592308
1,C,H,D,0.09339590248369005
1,C,H,E,0.11708824539315554
1,C,H,F,0.13322650795467553
1,C,H,G,0.1090763419938194
1,C,H,H,0.08504063179581092
1,C,H,I,0.09488382740070962
1,C,M,A,0.09901693710766316
1,C,M,B,0.06253701291010304
1,C,M,C,0.1577638280232145
1,C,M,D,0.09605590429941964
1,C,M,E,0.13798412886414782
1,C,M,F,0.13229894587232027
1,C,M,G,0.11725689920644321
1,C,M,H,0.08729124718701883
1,C,M,I,0.10979509652966955
1,C,L,A,0.09567085261070721
1,C,L,B,0.06179775280898876
1,C,L,C,0.1556923331130205
1,C,L,D,0.10826999339061467
1,C,L,E,0.12103436880370126
1,C,L,F,0.1317333113020489
1,C,L,G,0.11099636483807006
1,C,L,H,0.09294448116325182
1,C,L,I,0.12186054196959682
1,I,H,A,0.09572194669569775
1,I,H,B,0.05967501310431031
1,I,H,C,0.19696786419902423
1,I,H,D,0.09249627031168098
1,I,H,E,0.16104189347203743
1,I,H,F,0.1021732994637313
1,I,H,G,0.10350389097213822
1,I,H,H,0.08955284061126567
1,I,H,I,0.09886698117011411
1,I,M,A,0.08649276586756785
1,I,M,B,0.06315344809377971
1,I,M,C,0.1738303939169923
1,I,M,D,0.09356848664061675
1,I,M,E,0.1596789523708945
1,I,M,F,0.1130003168233182
1,I,M,G,0.10782553595944662
1,I,M,H,0.09832083641356004
1,I,M,I,0.10412926391382406
1,I,L,A,0.10757773976049109
1,I,L,B,0.05726074267887692
1,I,L,C,0.17721646372144512
1,I,L,D,0.09952702022743283
1,I,L,E,0.16000805071953306
1,I,L,F,0.1093891516554292
1,I,L,G,0.10254604005232967
1,I,L,H,0.07587803159907416
1,I,L,I,0.11059675958538795
2,R,R,A,0.09836323575700347
2,R,R,B,0.08391564368901479
2,R,R,C,0.14463330185709788
2,R,R,D,0.09046270066100094
2,R,R,E,0.16502990242367013
2,R,R,F,0.09225684608120868
2,R,R,G,0.09562480327352849
2,R,R,H,0.10258105130626377
2,R,R,I,0.12713251495121183
2,C,H,A,0.10394443066236665
2,C,H,B,0.10171173406102704
2,C,H,C,0.09972711485983626
2,C,H,D,0.13532622178119574
2,C,H,E,0.10816174646489705
2,C,H,F,0.07541552964524932
2,C,H,G,0.11411560406846936
2,C,H,H,0.07491937484495162
2,C,H,I,0.18667824361200694
2,C,M,A,0.08940939428283591
2,C,M,B,0.07958695378415817
2,C,M,C,0.11950635940057927
2,C,M,D,0.14368467447424757
2,C,M,E,0.12895101372623094
2,C,M,F,0.08097216975192041
2,C,M,G,0.1251731519959703
2,C,M,H,0.05679385467825211
2,C,M,I,0.1759224279058053
2,C,L,A,0.0904506486957319
2,C,L,B,0.09283454820519874
2,C,L,C,0.1128226287076514
2,C,L,D,0.1433090358960253
2,C,L,E,0.13203135744739375
2,C,L,F,0.05959748773667079
2,C,L,G,0.14028331728785587
2,C,L,H,0.06211891991014533
2,C,L,I,0.1665520561133269
2,I,H,A,0.0997788256896048
2,I,H,B,0.10361807787004966
2,I,H,C,0.12018528564870842
2,I,H,D,0.13933981554897132
2,I,H,E,0.12903225806451613
2,I,H,F,0.06722864415974628
2,I,H,G,0.1415932896548846
2,I,H,H,0.058590326753745356
2,I,H,I,0.1406334766097734
2,I,M,A,0.08497264579210802
2,I,M,B,0.09323710860202537
2,I,M,C,0.11907810499359796
2,I,M,D,0.12024211384006518
2,I,M,E,0.14643231288557793
2,I,M,F,0.07077173786520778
2,I,M,G,0.14107787219182866
2,I,M,H,0.06530089628681178
2,I,M,I,0.15888720754277733
2,I,L,A,0.08669833729216152
2,I,L,B,0.09370546318289787
2,I,L,C,0.14477434679334916
2,I,L,D,0.11983372921615201
2,I,L,E,0.12909738717339667
2,I,L,F,0.06413301662707839
2,I,L,G,0.14216152019002376
2,I,L,H,0.07173396674584323
2,I,L,I,0.14786223277909738
3,R,R,A,0.0902951475737869
3,R,R,B,0.10980490245122561
3,R,R,C,0.1277027402590184
3,R,R,D,0.1210049469179034
3,R,R,E,0.11458507031293425
3,R,R,F,0.10599744316602745
3,R,R,G,0.11202823634039241
3,R,R,H,0.11372352843088211
3,R,R,I,0.10485798454782946
3,C,H,A,0.08051386415670313
3,C,H,B,0.10340880183159501
3,C,H,C,0.11829051132027474
3,C,H,D,0.15148817094886796
3,C,H,E,0.1199440345967947
3,C,H,F,0.11053167133045026
3,C,H,G,0.09692190282370898
3,C,H,H,0.11180361231238871
3,C,H,I,0.10709743067921648
3,C,M,A,0.07670521595468492
3,C,M,B,0.0778852962001416
3,C,M,C,0.11021949492565494
3,C,M,D,0.13653528439933915
3,C,M,E,0.1299268350247817
3,C,M,F,0.11375973566202502
3,C,M,G,0.11411375973566203
3,C,M,H,0.1256785461411376
3,C,M,I,0.11517583195657305
3,C,L,A,0.07805496828752642
3,C,L,B,0.10363636363636364
3,C,L,C,0.11627906976744186
3,C,L,D,0.12887949260042283
3,C,L,E,0.12414376321353066
3,C,L,F,0.09830866807610994
3,C,L,G,0.1184355179704017
3,C,L,H,0.12232558139534884
3,C,L,I,0.10993657505285412
3,I,H,A,0.07747285291214215
3,I,H,B,0.08454096742349457
3,I,H,C,0.11257650542941758
3,I,H,D,0.1491411648568608
3,I,H,E,0.11605133267522211
3,I,H,F,0.12059230009871669
3,I,H,G,0.10471865745310957
3,I,H,H,0.12177690029615006
3,I,H,I,0.11312931885488647
3,I,M,A,0.07735975066785396
3,I,M,B,0.08882457702582369
3,I,M,C,0.1067453250222618
3,I,M,D,0.1221059661620659
3,I,M,E,0.1408058771148709
3,I,M,F,0.11119768477292966
3,I,M,G,0.09784060552092609
3,I,M,H,0.1218833481745325
3,I,M,I,0.13323686553873554
3,I,L,A,0.079098241181615
3,I,L,B,0.08706636867165485
3,I,L,C,0.11203964629287727
3,I,L,D,0.13098824215333787
3,I,L,E,0.14274608881546982
3,I,L,F,0.10183655621416772
3,I,L,G,0.09464580701583908
3,I,L,H,0.11534350403264988
3,I,L,I,0.1362355456223885
4,R,R,A,0.11432341298929775
4,R,R,B,0.10649464887846356
4,R,R,C,0.13352880809265505
4,R,R,D,0.11241753408591115
4,R,R,E,0.10347456384694326
4,R,R,F,0.12452719542589064
4,R,R,G,0.12215217710013195
4,R,R,H,0.08467966573816156
4,R,R,I,0.09840199384254508
4,C,H,A,0.07701863354037267
4,C,H,B,0.13719806763285025
4,C,H,C,0.15638371290545203
4,C,H,D,0.1282263630089717
4,C,H,E,0.1028295376121463
4,C,H,F,0.06238785369220152
4,C,H,G,0.1769496204278813
4,C,H,H,0.0484472049689441
4,C,H,I,0.11055900621118013
4,C,M,A,0.09316856428769786
4,C,M,B,0.13093585115245765
4,C,M,C,0.18453207442377118
4,C,M,D,0.08108858650374896
4,C,M,E,0.12677034157178563
4,C,M,F,0.07747847820049986
4,C,M,G,0.1327409053040822
4,C,M,H,0.06650930297139683
4,C,M,I,0.10677589558455984
4,C,L,A,0.09289129406819734
4,C,L,B,0.1565176272789366
4,C,L,C,0.17044081332422634
4,C,L,D,0.09924867335680135
4,C,L,E,0.10460778647612043
4,C,L,F,0.0750801239951663
4,C,L,G,0.1447485945463143
4,C,L,H,0.05422161508958125
4,C,L,I,0.10224347186465613
4,I,H,A,0.07881420446912364
4,I,H,B,0.1147731852581613
4,I,H,C,0.15924051766602482
4,I,H,D,0.11763915632976579
4,I,H,E,0.1550311226546057
4,I,H,F,0.06049885808965116
4,I,H,G,0.13523800994133717
4,I,H,H,0.07223142716403207
4,I,H,I,0.10653351842729837
4,I,M,A,0.08116419549697969
4,I,M,B,0.10389895661724327
4,I,M,C,0.1755079626578803
4,I,M,D,0.0900604063701263
4,I,M,E,0.1683690280065898
4,I,M,F,0.06128500823723229
4,I,M,G,0.11422295442064799
4,I,M,H,0.07633168588687535
4,I,M,I,0.12915980230642504
4,I,L,A,0.08086946359705505
4,I,L,B,0.11698025008764754
4,I,L,C,0.15589575785906276
4,I,L,D,0.11651279654084376
4,I,L,E,0.15846675236648358
4,I,L,F,0.05773051303026762
4,I,L,G,0.1100853102722917
4,I,L,H,0.07339020684819446
4,I,L,I,0.13006894939815355
5,R,R,A,0.08023293432546101
5,R,R,B,0.09341637010676157
5,R,R,C,0.13126819799417663
5,R,R,D,0.11501132319637658
5,R,R,E,0.14380459398252993
5,R,R,F,0.09940148819152378
5,R,R,G,0.12134692116898523
5,R,R,H,0.10657284589668932
5,R,R,I,0.10894532513749595
5,C,H,A,0.05693009848666827
5,C,H,B,0.07950996877251981
5,C,H,C,0.11530146528945472
5,C,H,D,0.1342781647850108
5,C,H,E,0.14124429497958202
5,C,H,F,0.1258707662743214
5,C,H,G,0.10521258707662744
5,C,H,H,0.1411241892865722
5,C,H,I,0.10052846504924333
5,C,M,A,0.06971153846153846
5,C,M,B,0.07223557692307692
5,C,M,C,0.12103365384615385
5,C,M,D,0.11081730769230769
5,C,M,E,0.17403846153846153
5,C,M,F,0.0954326923076923
5,C,M,G,0.09423076923076923
5,C,M,H,0.14939903846153846
5,C,M,I,0.11310096153846154
5,C,L,A,0.06570755510684839
5,C,L,B,0.08202927814235235
5,C,L,C,0.09692074709742554
5,C,L,D,0.13532727578663975
5,C,L,E,0.14790509843513377
5,C,L,F,0.11366313309776208
5,C,L,G,0.114630657916877
5,C,L,H,0.143698468786808
5,C,L,I,0.10011778563015312
5,I,H,A,0.06074617346938776
5,I,H,B,0.0778061224489796
5,I,H,C,0.12400350765306123
5,I,H,D,0.13058035714285715
5,I,H,E,0.14616549744897958
5,I,H,F,0.11248405612244898
5,I,H,G,0.12966358418367346
5,I,H,H,0.11826371173469388
5,I,H,I,0.10028698979591837
5,I,M,A,0.06625880180076187
5,I,M,B,0.06568163453768902
5,I,M,C,0.13101696871753435
5,I,M,D,0.1336719381276694
5,I,M,E,0.15560429412443727
5,I,M,F,0.10469814152141291
5,I,M,G,0.09604063257532033
5,I,M,H,0.1354034399168879
5,I,M,I,0.11162414867828696
5,I,L,A,0.060382422006038244
5,I,L,B,0.08632449960863245
5,I,L,C,0.11092474561109247
5,I,L,D,0.10969473331096947
5,I,L,E,0.14066867941406686
5,I,L,F,0.09627641730962765
5,I,L,G,0.1237839651123784
5,I,L,H,0.16314435871631444
5,I,L,I,0.10880017891088002
6,R,R,A,0.14410989315942832
6,R,R,B,0.10470376023310671
6,R,R,C,0.13811572082697376
6,R,R,D,0.08794227834050229
6,R,R,E,0.0997086166227279
6,R,R,F,0.13517413625641736
6,R,R,G,0.10320521714999306
6,R,R,H,0.09904259747467739
6,R,R,I,0.08799777993617316
6,C,H,A,0.10065261044176707
6,C,H,B,0.0774347389558233
6,C,H,C,0.19540662650602408
6,C,H,D,0.08998493975903614
6,C,H,E,0.08295682730923695
6,C,H,F,0.15988955823293172
6,C,H,G,0.14846887550200802
6,C,H,H,0.07354417670682731
6,C,H,I,0.07166164658634538
6,C,M,A,0.1104074560879436
6,C,M,B,0.07300752778109691
6,C,M,C,0.18078623491456566
6,C,M,D,0.08173019476639981
6,C,M,E,0.12008603178396463
6,C,M,F,0.14398374955191778
6,C,M,G,0.09367905365037639
6,C,M,H,0.10048990321424305
6,C,M,I,0.09582984824949217
6,C,L,A,0.098184607517259
6,C,L,B,0.06025739367595671
6,C,L,C,0.16837126054717463
6,C,L,D,0.09626693940168755
6,C,L,E,0.10559959089746868
6,C,L,F,0.1760419330094605
6,C,L,G,0.11463393846416091
6,C,L,H,0.08919287479757948
6,C,L,I,0.09145146168925254
6,I,H,A,0.09744703520059009
6,I,H,B,0.061754702290701964
6,I,H,C,0.17346227922796378
6,I,H,D,0.09007089292300127
6,I,H,E,0.10945375568577634
6,I,H,F,0.1655534155636602
6,I,H,G,0.12834487563004549
6,I,H,H,0.08732532885300988
6,I,H,I,0.086587714625251
6,I,M,A,0.1118357746177697
6,I,M,B,0.06832032502940233
6,I,M,C,0.1708542713567839
6,I,M,D,0.07804982358601519
6,I,M,E,0.14016892975515877
6,I,M,F,0.13974125948893404
6,I,M,G,0.0916283545386507
6,I,M,H,0.11376029081578103
6,I,M,I,0.08564097081150433
6,I,L,A,0.1056508471009155
6,I,L,B,0.05219404398610965
6,I,L,C,0.18057455540355677
6,I,L,D,0.08955066821003893
6,I,L,E,0.13890350415658212
6,I,L,F,0.15784489108702515
6,I,L,G,0.1027044091339577
6,I,L,H,0.09197095654003999
6,I,L,I,0.08060612438177418
7,R,R,A,0.1076581576026637
7,R,R,B,0.09370540669097828
7,R,R,C,0.09851487764917288
7,R,R,D,0.11703926853760373
7,R,R,E,0.10625759737857407
7,R,R,F,0.1571005760794884
7,R,R,G,0.09595158818244279
7,R,R,H,0.12864013529940277
7,R,R,I,0.09513239257967337
7,C,H,A,0.051175656984785614
7,C,H,B,0.031183201307682637
7,C,H,C,0.14849742235634353
7,C,H,D,0.1598139067018735
7,C,H,E,0.09279517163334591
7,C,H,F,0.1980384760467748
7,C,H,G,0.10046523324531623
7,C,H,H,0.12246950836162454
7,C,H,I,0.09556142336225323
7,C,M,A,0.06683895219076706
7,C,M,B,0.05415247268882885
7,C,M,C,0.13532244802067425
7,C,M,D,0.12016915306002585
7,C,M,E,0.1268647950193821
7,C,M,F,0.15329496064842008
7,C,M,G,0.09044990015270762
7,C,M,H,0.13649712204863151
7,C,M,I,0.11641019617056267
7,C,L,A,0.05532832936311744
7,C,L,B,0.04845161580295743
7,C,L,C,0.1423434761112859
7,C,L,D,0.14238842195154838
7,C,L,E,0.1230167647984179
7,C,L,F,0.1583441952447301
7,C,L,G,0.09933030698008899
7,C,L,H,0.12355611488156772
7,C,L,I,0.10724077486628612
7,I,H,A,0.048073973443183315
7,I,H,B,0.03501468074849906
7,I,H,C,0.13059292694684255
7,I,H,D,0.19435558087558613
7,I,H,E,0.08747096717647575
7,I,H,F,0.18493360795828037
7,I,H,G,0.10114378368903107
7,I,H,H,0.12296770235330207
7,I,H,I,0.09544677680879969
7,I,M,A,0.05700658641835112
7,I,M,B,0.04054054054054054
7,I,M,C,0.1234385646150352
7,I,M,D,0.1569384510560981
7,I,M,E,0.08993867817397229
7,I,M,F,0.1736316148080854
7,I,M,G,0.10935725641607995
7,I,M,H,0.14297070179423121
7,I,M,I,0.10617760617760617
7,I,L,A,0.04920034183860335
7,I,L,B,0.043096081064583076
7,I,L,C,0.12928824319374924
7,I,L,D,0.1720180686118911
7,I,L,E,0.09571480893663778
7,I,L,F,0.16615797826883164
7,I,L,G,0.11085337565620804
7,I,L,H,0.12879990233182761
7,I,L,I,0.10487120009766818
8,R,R,A,0.12321458815559194
8,R,R,B,0.1007734432337831
8,R,R,C,0.11209281318805397
8,R,R,D,0.11426635804211596
8,R,R,E,0.11429458589736352
8,R,R,F,0.10396319087675718
8,R,R,G,0.10105572178625868
8,R,R,H,0.10387850731101451
8,R,R,I,0.12646079150906114
8,C,H,A,0.08577194752774975
8,C,H,B,0.09788092835519677
8,C,H,C,0.11312927458235228
8,C,H,D,0.14228052472250252
8,C,H,E,0.11996860634600291
8,C,H,F,0.11795044287476174
8,C,H,G,0.09362036102702097
8,C,H,H,0.11021414956833726
8,C,H,I,0.11918376499607579
8,C,M,A,0.10467654831667242
8,C,M,B,0.08227048144318051
8,C,M,C,0.13121911984373205
8,C,M,D,0.11329426634493853
8,C,M,E,0.10444674250258532
8,C,M,F,0.11869470297598529
8,C,M,G,0.10318281052510629
8,C,M,H,0.11030679076180627
8,C,M,I,0.13190853728599333
8,C,L,A,0.11076238528465297
8,C,L,B,0.09002423423781336
8,C,L,C,0.11584760239958683
8,C,L,D,0.12144928687775615
8,C,L,E,0.10897461364268404
8,C,L,F,0.11362281991180327
8,C,L,G,0.09983711413928728
8,C,L,H,0.10961026578205077
8,C,L,I,0.12987167772436534
8,I,H,A,0.0953074123731086
8,I,H,B,0.0799080635893507
8,I,H,C,0.12307986975675159
8,I,H,D,0.11476728596054396
8,I,H,E,0.1265657919938709
8,I,H,F,0.12330971078337483
8,I,H,G,0.08542424822830876
8,I,H,H,0.12503351848304922
8,I,H,I,0.12660409883164145
8,I,M,A,0.10770822555613037
8,I,M,B,0.08608380755302639
8,I,M,C,0.11081220900155199
8,I,M,D,0.13595447490946716
8,I,M,E,0.1099844800827729
8,I,M,F,0.1347128815312985
8,I,M,G,0.10232798758406622
8,I,M,H,0.10098292809105018
8,I,M,I,0.11143300569063631
8,I,L,A,0.12369097016399921
8,I,L,B,0.09237304880458408
8,I,L,C,0.1284331159849832
8,I,L,D,0.11203319502074689
8,I,L,E,0.1337680300335902
8,I,L,F,0.12023315550286505
8,I,L,G,0.08140683659355859
8,I,L,H,0.09523809523809523
8,I,L,I,0.11282355265757756
9,R,R,A,0.1104775481111903
9,R,R,B,0.13408410548823949
9,R,R,C,0.09402708481824662
9,R,R,D,0.11064861012116893
9,R,R,E,0.10939415538132573
9,R,R,F,0.09799002138275124
9,R,R,G,0.10526015680684248
9,R,R,H,0.12216678545972916
9,R,R,I,0.11595153243050606
9,C,H,A,0.08627630375114365
9,C,H,B,0.1161939615736505
9,C,H,C,0.10649588289112534
9,C,H,D,0.11628545288197621
9,C,H,E,0.1172003659652333
9,C,H,F,0.11271729185727355
9,C,H,G,0.10265324794144556
9,C,H,H,0.13815187557182068
9,C,H,I,0.1040256175663312
9,C,M,A,0.08051498847040738
9,C,M,B,0.09934665641813989
9,C,M,C,0.10511145272867026
9,C,M,D,0.14882782475019216
9,C,M,E,0.12240584166026133
9,C,M,F,0.10165257494235204
9,C,M,G,0.11702536510376634
9,C,M,H,0.11587240584166027
9,C,M,I,0.10924289008455035
9,C,L,A,0.09160593977725835
9,C,L,B,0.11381135707410972
9,C,L,C,0.09487144232091296
9,C,L,D,0.1340230991337825
9,C,L,E,0.11999862505156057
9,C,L,F,0.09799945002062423
9,C,L,G,0.1004056097896329
9,C,L,H,0.13426371511068336
9,C,L,I,0.11302076172143545
9,I,H,A,0.0903364525604918
9,I,H,B,0.10505435934708215
9,I,H,C,0.0929711395778444
9,I,H,D,0.1397898307137882
9,I,H,E,0.11940886102783077
9,I,H,F,0.10151115956512523
9,I,H,G,0.10029980921231943
9,I,H,H,0.12873625874443537
9,I,H,I,0.12189212925108264
9,I,M,A,0.08183525623826134
9,I,M,B,0.10052768088721939
9,I,M,C,0.09739737053930775
9,I,M,D,0.14640908684375278
9,I,M,E,0.12709060012521242
9,I,M,F,0.09274662373669618
9,I,M,G,0.08729093998747876
9,I,M,H,0.1285215991414006
9,I,M,I,0.13818084250067078
9,I,L,A,0.10365365810294248
9,I,L,B,0.10720952973597653
9,I,L,C,0.0936083207396213
9,I,L,D,0.10880967197084185
9,I,L,E,0.12214419059471954
9,I,L,F,0.10374255489376834
9,I,L,G,0.09316383678549205
9,I,L,H,0.12738910125344474
9,I,L,I,0.14027913592319316
10,R,R,A,0.09177970542003842
10,R,R,B,0.10636316003958782
10,R,R,C,0.12700122256505791
10,R,R,D,0.12871863538452583
10,R,R,E,0.09821272632007917
10,R,R,F,0.12737963555917797
10,R,R,G,0.12406124468766373
10,R,R,H,0.11102055073644991
10,R,R,I,0.08546311928741922
10,C,H,A,0.12784925539459022
10,C,H,B,0.0887448080235032
10,C,H,C,0.14912369567419714
10,C,H,D,0.1006990173234728
10,C,H,E,0.08823827373113159
10,C,H,F,0.136359031506433
10,C,H,G,0.10242123391753621
10,C,H,H,0.10262384763448486
10,C,H,I,0.10394083679465099
10,C,M,A,0.12337116435477091
10,C,M,B,0.0985708280790248
10,C,M,C,0.13240857503152584
10,C,M,D,0.11948297604035309
10,C,M,E,0.08406893652795293
10,C,M,F,0.15458175704077343
10,C,M,G,0.08932324506094998
10,C,M,H,0.10508617065994115
10,C,M,I,0.09310634720470785
10,C,L,A,0.1399028182701652
10,C,L,B,0.09593780369290573
10,C,L,C,0.13722060252672497
10,C,L,D,0.10954324586977648
10,C,L,E,0.09792031098153547
10,C,L,F,0.13986394557823129
10,C,L,G,0.07782312925170068
10,C,L,H,0.10425655976676385
10,C,L,I,0.09753158406219631
10,I,H,A,0.1588440183467255
10,I,H,B,0.09683760389005759
10,I,H,C,0.13691071490154155
10,I,H,D,0.11014932579232334
10,I,H,E,0.09425112942718213
10,I,H,F,0.12356450667310412
10,I,H,G,0.08093940752491637
10,I,H,H,0.10370038279822051
10,I,H,I,0.09480291064592888
10,I,M,A,0.14472031687759637
10,I,M,B,0.09515988793353299
10,I,M,C,0.12076127910346826
10,I,M,D,0.10868515119312144
10,I,M,E,0.10066660226065115
10,I,M,F,0.11873248961452999
10,I,M,G,0.08810742923389045
10,I,M,H,0.10829871509999034
10,I,M,I,0.11486812868321901
10,I,L,A,0.14674928690862596
10,I,L,B,0.11114389692141241
10,I,L,C,0.1309137405330973
10,I,L,D,0.10740631454706404
10,I,L,E,0.09511163568407593
10,I,L,F,0.10996360775056556
10,I,L,G,0.08566932231730107
10,I,L,H,0.12029113799547556
10,I,L,I,0.09275105734238222
11,R,R,A,0.09041388371838388
11,R,R,B,0.06881638015985984
11,R,R,C,0.13423847585678308
11,R,R,D,0.14860943830066792
11,R,R,E,0.11948428774772801
11,R,R,F,0.09375342165772474
11,R,R,G,0.12055184495784518
11,R,R,H,0.0669549983576043
11,R,R,I,0.15717726924340306
11,C,H,A,0.06241651487553127
11,C,H,B,0.04225865209471767
11,C,H,C,0.16308439587128112
11,C,H,D,0.1533697632058288
11,C,H,E,0.10819672131147541
11,C,H,F,0.0965391621129326
11,C,H,G,0.21226472374013358
11,C,H,H,0.05950212507589557
11,C,H,I,0.10236794171220401
11,C,M,A,0.06433129313712722
11,C,M,B,0.04688110431045709
11,C,M,C,0.12814168511524937
11,C,M,D,0.16147935929157442
11,C,M,E,0.13126709206927986
11,C,M,F,0.10548248469852846
11,C,M,G,0.18622216434431565
11,C,M,H,0.04870425836697487
11,C,M,I,0.12749055866649303
11,C,L,A,0.05725526304775457
11,C,L,B,0.04633156154522245
11,C,L,C,0.18281505043318128
11,C,L,D,0.14556564684217135
11,C,L,E,0.1283221027079061
11,C,L,F,0.09860628636002176
11,C,L,G,0.1621813920395095
11,C,L,H,0.05453480098773699
11,C,L,I,0.12438789603649604
11,I,H,A,0.052171208645958866
11,I,H,B,0.04097500291567858
11,I,H,C,0.171286397387552
11,I,H,D,0.1677098316681569
11,I,H,E,0.11713252731018932
11,I,H,F,0.09882206585546009
11,I,H,G,0.16634918166621313
11,I,H,H,0.048478015783540024
11,I,H,I,0.1370757687672511
11,I,M,A,0.04399401128642175
11,I,M,B,0.033744097662098356
11,I,M,C,0.1462628123920304
11,I,M,D,0.17528503973281123
11,I,M,E,0.1112518714729932
11,I,M,F,0.10054128757341932
11,I,M,G,0.1885293101462628
11,I,M,H,0.04341817344235863
11,I,M,I,0.15697339629160428
11,I,L,A,0.05009537195060737
11,I,L,B,0.048991065154100996
11,I,L,C,0.1848208011243851
11,I,L,D,0.13884148177893785
11,I,L,E,0.14275675133018773
11,I,L,F,0.10450757956028511
11,I,L,G,0.13321955626945087
11,I,L,H,0.05621925509486999
11,I,L,I,0.14054813773717498
12,R,R,A,0.10420512228887864
12,R,R,B,0.08917858790955238
12,R,R,C,0.1425646054453161
12,R,R,D,0.11161744347023535
12,R,R,E,0.114386248269497
12,R,R,F,0.12471158283341024
12,R,R,G,0.11510729118597139
12,R,R,H,0.09757152745731426
12,R,R,I,0.10065759113982464
12,C,H,A,0.06859096852056723
12,C,H,B,0.06386402494217037
12,C,H,C,0.21060042240772403
12,C,H,D,0.09373428542693352
12,C,H,E,0.17268430051292366
12,C,H,F,0.09685205672332294
12,C,H,G,0.11515639143115759
12,C,H,H,0.07291561902846223
12,C,H,I,0.10560193100673841
12,C,M,A,0.05946167229556852
12,C,M,B,0.07051478866032136
12,C,M,C,0.197113908504759
12,C,M,D,0.0907788353290349
12,C,M,E,0.18350220038890594
12,C,M,F,0.08832258724797871
12,C,M,G,0.12045849964179715
12,C,M,H,0.09517961314092724
12,C,M,I,0.0946678947907072
12,C,L,A,0.07557207404168488
12,C,L,B,0.06533304183063693
12,C,L,C,0.234914735461303
12,C,L,D,0.09094884127678181
12,C,L,E,0.13922897536802215
12,C,L,F,0.11383180294417723
12,C,L,G,0.11277510566972744
12,C,L,H,0.07068940387698586
12,C,L,I,0.09670601953068066
12,I,H,A,0.0913951545530493
12,I,H,B,0.07756056808688387
12,I,H,C,0.2219548872180451
12,I,H,D,0.08761904761904762
12,I,H,E,0.15605680868838764
12,I,H,F,0.08925647451963241
12,I,H,G,0.10837092731829574
12,I,H,H,0.07659147869674185
12,I,H,I,0.09119465329991645
12,I,M,A,0.07362964385139675
12,I,M,B,0.08716521071325718
12,I,M,C,0.17490640299510415
12,I,M,D,0.09772487280407027
12,I,M,E,0.16194681770183353
12,I,M,F,0.09906882979744648
12,I,M,G,0.12124412018815398
12,I,M,H,0.08812517999424019
12,I,M,I,0.09618892195449745
12,I,L,A,0.09191636959244628
12,I,L,B,0.06513151556026592
12,I,L,C,0.2102321996338761
12,I,L,D,0.08083630407553714
12,I,L,E,0.14172849022063783
12,I,L,F,0.11224588110607958
12,I,L,G,0.11600346854224877
12,I,L,H,0.08517198188650159
12,I,L,I,0.09673378938240679
13,R,R,A,0.10702816772180934
13,R,R,B,0.08477842003853564
13,R,R,C,0.09262317643820533
13,R,R,D,0.11629507294247178
13,R,R,E,0.10441324892191944
13,R,R,F,0.14210019267822735
13,R,R,G,0.08372327736489586
13,R,R,H,0.16847875951922195
13,R,R,I,0.10055968437471327
13,C,H,A,0.11718208292885869
13,C,H,B,0.058937734017473306
13,C,H,C,0.14672028844820414
13,C,H,D,0.08168076549715712
13,C,H,E,0.10955484676189156
13,C,H,F,0.18596588545278048
13,C,H,G,0.07433088337262515
13,C,H,H,0.1433920399389821
13,C,H,I,0.08223547358202746
13,C,M,A,0.10943503628860111
13,C,M,B,0.04966557563682937
13,C,M,C,0.1717660452540202
13,C,M,D,0.08253877899530383
13,C,M,E,0.14415824676248754
13,C,M,F,0.18613917745837483
13,C,M,G,0.06603102319624306
13,C,M,H,0.10872349509036573
13,C,M,I,0.0815426213177743
13,C,L,A,0.11492117682498243
13,C,L,B,0.057736720554272515
13,C,L,C,0.15865046691434884
13,C,L,D,0.08590219901596546
13,C,L,E,0.13545536700471936
13,C,L,F,0.15975499548147404
13,C,L,G,0.07239682699066172
13,C,L,H,0.1258660508083141
13,C,L,I,0.08931619640526157
13,I,H,A,0.11989164448180842
13,I,H,B,0.06538695063285227
13,I,H,C,0.1555275325767129
13,I,H,D,0.06907664284713465
13,I,H,E,0.15431320349353136
13,I,H,F,0.1505301013497735
13,I,H,G,0.06449955630283499
13,I,H,H,0.13455700340946242
13,I,H,I,0.0862173649058895
13,I,M,A,0.12862241256245538
13,I,M,B,0.06581013561741614
13,I,M,C,0.14746609564596716
13,I,M,D,0.06895074946466809
13,I,M,E,0.14246966452533905
13,I,M,F,0.14875089221984297
13,I,M,G,0.05624553890078515
13,I,M,H,0.1444682369735903
13,I,M,I,0.09721627408993576
13,I,L,A,0.12309019221291277
13,I,L,B,0.05051749630359783
13,I,L,C,0.11002957121734845
13,I,L,D,0.08969935929029078
13,I,L,E,0.13997042878265156
13,I,L,F,0.16547560374568754
13,I,L,G,0.05655495317890587
13,I,L,H,0.15795958600295712
13,I,L,I,0.1067028092656481
14,R,R,A,0.13218583396801217
14,R,R,B,0.08926123381568926
14,R,R,C,0.13523229246001522
14,R,R,D,0.08060929169840061
14,R,R,E,0.16377760853008377
14,R,R,F,0.10562071591774562
14,R,R,G,0.08124904798172125
14,R,R,H,0.10153846153846154
14,R,R,I,0.11052551408987052
14,C,H,A,0.14966887417218544
14,C,H,B,0.07140276941601445
14,C,H,C,0.16592414208308248
14,C,H,D,0.0691149909692956
14,C,H,E,0.15243829018663455
14,C,H,F,0.10836845273931367
14,C,H,G,0.06959662853702589
14,C,H,H,0.11378687537627935
14,C,H,I,0.09969897652016857
14,C,M,A,0.1373988799004356
14,C,M,B,0.08836341008089608
14,C,M,C,0.13366521468574985
14,C,M,D,0.07566894835096453
14,C,M,E,0.17946484131922838
14,C,M,F,0.0685749844430616
14,C,M,G,0.06471686372121967
14,C,M,H,0.11897946484131923
14,C,M,I,0.13316739265712507
14,C,L,A,0.13714121227074594
14,C,L,B,0.09170162019902953
14,C,L,C,0.12632617813964964
14,C,L,D,0.07611645694547249
14,C,L,E,0.16411711489431696
14,C,L,F,0.09844559585492228
14,C,L,G,0.07521177728431615
14,C,L,H,0.11949995887819723
14,C,L,I,0.11144008553334978
14,I,H,A,0.13851189525786364
14,I,H,B,0.08829634360530098
14,I,H,C,0.14242375858214912
14,I,H,D,0.07476448986108894
14,I,H,E,0.15467826920006386
14,I,H,F,0.10007185055085423
14,I,H,G,0.07256905636276545
14,I,H,H,0.11687689605620309
14,I,H,I,0.11180744052371068
14,I,M,A,0.1411671924290221
14,I,M,B,0.07131590806669671
14,I,M,C,0.13767462821090581
14,I,M,D,0.06928796755295177
14,I,M,E,0.14702568724650744
14,I,M,F,0.12257773771969356
14,I,M,G,0.08123028391167192
14,I,M,H,0.11716989634970708
14,I,M,I,0.11255069851284362
14,I,L,A,0.12209001551991723
14,I,L,B,0.08194516295913089
14,I,L,C,0.15747542679772375
14,I,L,D,0.0727366787377134
14,I,L,E,0.15250905328504916
14,I,L,F,0.10781169167097776
14,I,L,G,0.07066735644076565
14,I,L,H,0.1206414899120538
14,I,L,I,0.1141231246766684
15,R,R,A,0.10294620469569182
15,R,R,B,0.11414406200136767
15,R,R,C,0.11306131752906314
15,R,R,D,0.11172213357647595
15,R,R,E,0.12941645771597904
15,R,R,F,0.1039149760656485
15,R,R,G,0.09103601550034192
15,R,R,H,0.12254957829952132
15,R,R,I,0.11120925461591065
15,C,H,A,0.07483396584440227
15,C,H,B,0.0730550284629981
15,C,H,C,0.13175996204933588
15,C,H,D,0.14255218216318785
15,C,H,E,0.11847722960151803
15,C,H,F,0.12037476280834915
15,C,H,G,0.13021821631878558
15,C,H,H,0.10211100569259962
15,C,H,I,0.10661764705882353
15,C,M,A,0.08755196869650281
15,C,M,B,0.10589386157984837
15,C,M,C,0.11200782587429689
15,C,M,D,0.13573000733675716
15,C,M,E,0.11041819515774028
15,C,M,F,0.11726583516752262
15,C,M,G,0.1380533137686476
15,C,M,H,0.09476644656395207
15,C,M,I,0.0983125458547322
15,C,L,A,0.08685733598073592
15,C,L,B,0.08677284440877023
15,C,L,C,0.12542773858307635
15,C,L,D,0.13848168645177644
15,C,L,E,0.10764226268429725
15,C,L,F,0.10329094672806388
15,C,L,G,0.13755227916015378
15,C,L,H,0.09023699885936377
15,C,L,I,0.12373790714376241
15,I,H,A,0.06703803303880139
15,I,H,B,0.07883211678832117
15,I,H,C,0.16753745678063772
15,I,H,D,0.10706876680752977
15,I,H,E,0.12593161736457933
15,I,H,F,0.12754514022281982
15,I,H,G,0.15220898962735305
15,I,H,H,0.0819054936611602
15,I,H,I,0.09193238570879754
15,I,M,A,0.07657751776013372
15,I,M,B,0.06696615127455077
15,I,M,C,0.1584830756372754
15,I,M,D,0.11909736732135395
15,I,M,E,0.1361262014208107
15,I,M,F,0.11899289594651066
15,I,M,G,0.09736732135394902
15,I,M,H,0.09224822398662766
15,I,M,I,0.13414124529878813
15,I,L,A,0.0776003870343493
15,I,L,B,0.04799225931301403
15,I,L,C,0.1617803580067731
15,I,L,D,0.1212385099177552
15,I,L,E,0.16371552975326562
15,I,L,F,0.09637155297532655
15,I,L,G,0.1065312046444122
15,I,L,H,0.09917755200774069
15,I,L,I,0.12559264634736333
16,R,R,A,0.13809031787515955
16,R,R,B,0.10262566097368261
16,R,R,C,0.1276666869263964
16,R,R,D,0.10274721935209384
16,R,R,E,0.11721266638303045
16,R,R,F,0.10247371300066857
16,R,R,G,0.0995259223241962
16,R,R,H,0.08305476204947426
16,R,R,I,0.12660305111529813
16,C,H,A,0.10026573998364677
16,C,H,B,0.07195421095666395
16,C,H,C,0.15566230580539656
16,C,H,D,0.11498364677023712
16,C,H,E,0.1375715453802126
16,C,H,F,0.1036385936222404
16,C,H,G,0.08534341782502045
16,C,H,H,0.0928045789043336
16,C,H,I,0.13777596075224857
16,C,M,A,0.11078173034694774
16,C,M,B,0.05884936319718929
16,C,M,C,0.15832235397452787
16,C,M,D,0.10188844971453667
16,C,M,E,0.15305226174791392
16,C,M,F,0.10737812911725955
16,C,M,G,0.07992973210364515
16,C,M,H,0.08300395256916997
16,C,M,I,0.14679402722880983
16,C,L,A,0.1296282472379815
16,C,L,B,0.082002090176172
16,C,L,C,0.14978351746790086
16,C,L,D,0.10002985965959989
16,C,L,E,0.13746640788295014
16,C,L,F,0.09857420125410571
16,C,L,G,0.07968796655718124
16,C,L,H,0.08360704687966557
16,C,L,I,0.13922066288444312
16,I,H,A,0.11439533892283643
16,I,H,B,0.0768438254938184
16,I,H,C,0.14068495097342618
16,I,H,D,0.09855051868694045
16,I,H,E,0.1599403154753446
16,I,H,F,0.09759130311212165
16,I,H,G,0.07187011510586898
16,I,H,H,0.09940315475344608
16,I,H,I,0.14072047747619723
16,I,M,A,0.0952523439058448
16,I,M,B,0.056253740275284264
16,I,M,C,0.14661879114302812
16,I,M,D,0.09684819469379613
16,I,M,E,0.1891083183722322
16,I,M,F,0.09026531019349691
16,I,M,G,0.058448035108717336
16,I,M,H,0.11011370436864153
16,I,M,I,0.1570915619389587
16,I,L,A,0.1263340063455437
16,I,L,B,0.059994231323911164
16,I,L,C,0.15373521776752236
16,I,L,D,0.09018363618882799
16,I,L,E,0.1781559465436016
16,I,L,F,0.09979809633689068
16,I,L,G,0.07297375252379579
16,I,L,H,0.08451110470147101
16,I,L,I,0.13431400826843573
17,R,R,A,0.1410175596578118
17,R,R,B,0.17424583520936515
17,R,R,C,0.0759417679723848
17,R,R,D,0.08863875131322227
17,R,R,E,0.10920006003301816
17,R,R,F,0.07804292360798439
17,R,R,G,0.0760018009905448
17,R,R,H,0.14005703136725198
17,R,R,I,0.11685426984841663
17,C,H,A,0.14529353886520172
17,C,H,B,0.15546080682190883
17,C,H,C,0.08210342188695748
17,C,H,D,0.08352465289165847
17,C,H,E,0.12036733355198426
17,C,H,F,0.08024488903465617
17,C,H,G,0.08079151634415656
17,C,H,H,0.12408439925658686
17,C,H,I,0.1281294413468897
17,C,M,A,0.15966285370258881
17,C,M,B,0.13774834437086092
17,C,M,C,0.07501505117399157
17,C,M,D,0.0971703792895846
17,C,M,E,0.11487055990367248
17,C,M,F,0.08223961468994581
17,C,M,G,0.06899458157736303
17,C,M,H,0.13281155930162553
17,C,M,I,0.13148705599036725
17,C,L,A,0.14120930996264522
17,C,L,B,0.17466442264274865
17,C,L,C,0.07548951192479783
17,C,L,D,0.09531628422478552
17,C,L,E,0.11440417060055005
17,C,L,F,0.06781330815647962
17,C,L,G,0.06514510898567383
17,C,L,H,0.13271212183407907
17,C,L,I,0.13324576166824023
17,I,H,A,0.14019718872826595
17,I,H,B,0.15165545266804342
17,I,H,C,0.08597028845513291
17,I,H,D,0.08257277996136167
17,I,H,E,0.10795416694424088
17,I,H,F,0.09283192325627873
17,I,H,G,0.07541136499900074
17,I,H,H,0.1498567717007528
17,I,H,I,0.11355006328692292
17,I,M,A,0.1460140437835605
17,I,M,B,0.1821561338289963
17,I,M,C,0.08777364725320115
17,I,M,D,0.0926270136307311
17,I,M,E,0.11307311028500619
17,I,M,F,0.07538207352333746
17,I,M,G,0.06908302354399008
17,I,M,H,0.12608426270136308
17,I,M,I,0.10780669144981413
17,I,L,A,0.13796108045309324
17,I,L,B,0.1751379610804531
17,I,L,C,0.07454739084132056
17,I,L,D,0.09710523768031755
17,I,L,E,0.11017523477587375
17,I,L,F,0.0724174653887114
17,I,L,G,0.06873850324329557
17,I,L,H,0.14560944912382612
17,I,L,I,0.11830767741310873
18,R,R,A,0.07658636897767332
18,R,R,B,0.1
18,R,R,C,0.13231492361927144
18,R,R,D,0.1275851938895417
18,R,R,E,0.10411280846063455
18,R,R,F,0.11418918918918919
18,R,R,G,0.16724441833137485
18,R,R,H,0.09380141010575793
18,R,R,I,0.08416568742655699
18,C,H,A,0.08218390804597701
18,C,H,B,0.09149425287356322
18,C,H,C,0.11114942528735632
18,C,H,D,0.1724137931034483
18,C,H,E,0.07965517241379311
18,C,H,F,0.10126436781609195
18,C,H,G,0.18379310344827587
18,C,H,H,0.08103448275862069
18,C,H,I,0.09701149425287356
18,C,M,A,0.09096244131455399
18,C,M,B,0.10187793427230046
18,C,M,C,0.11443661971830986
18,C,M,D,0.15434272300469484
18,C,M,E,0.07875586854460094
18,C,M,F,0.10880281690140844
18,C,M,G,0.1977699530516432
18,C,M,H,0.06291079812206572
18,C,M,I,0.09014084507042254
18,C,L,A,0.08031483414986748
18,C,L,B,0.08453136294273553
18,C,L,C,0.132720263432656
18,C,L,D,0.146654887157658
18,C,L,E,0.085454983535459
18,C,L,F,0.11316360131716328
18,C,L,G,0.19628945466227612
18,C,L,H,0.07493374026182636
18,C,L,I,0.0859368725403582
18,I,H,A,0.09215966921119594
18,I,H,B,0.09243797709923664
18,I,H,C,0.11482188295165395
18,I,H,D,0.14122137404580154
18,I,H,E,0.10194020356234097
18,I,H,F,0.09689090330788803
18,I,H,G,0.15283078880407125
18,I,H,H,0.09052958015267176
18,I,H,I,0.11716762086513995
18,I,M,A,0.08555678059536935
18,I,M,B,0.09426681367144432
18,I,M,C,0.11091510474090407
18,I,M,D,0.15446527012127895
18,I,M,E,0.10110253583241455
18,I,M,F,0.1031973539140022
18,I,M,G,0.14829106945975745
18,I,M,H,0.08015435501653803
18,I,M,I,0.12205071664829106
18,I,L,A,0.06752238162010571
18,I,L,B,0.07269981663250998
18,I,L,C,0.1509006579656995
18,I,L,D,0.12123826987380003
18,I,L,E,0.1282493797864308
18,I,L,F,0.10344083701866034
18,I,L,G,0.17117894509761622
18,I,L,H,0.07097400496170855
18,I,L,I,0.11379570704346888
19,R,R,A,0.09398007795582504
19,R,R,B,0.08142052836725855
19,R,R,C,0.14745199942254944
19,R,R,D,0.10934026274000289
19,R,R,E,0.11450844521437852
19,R,R,F,0.14092680814205283
19,R,R,G,0.12507579038544825
19,R,R,H,0.09490399884509888
19,R,R,I,0.0923920889273856
19,C,H,A,0.08634623564440663
19,C,H,B,0.1292003402807316
19,C,H,C,0.11399404508719693
19,C,H,D,0.11059123777116121
19,C,H,E,0.09825606125053168
19,C,H,F,0.10899617184176946
19,C,H,G,0.1592939174819226
19,C,H,H,0.09357720119098256
19,C,H,I,0.09974478945129732
19,C,M,A,0.09265033407572383
19,C,M,B,0.1354120267260579
19,C,M,C,0.12461024498886414
19,C,M,D,0.10356347438752785
19,C,M,E,0.08730512249443208
19,C,M,F,0.11180400890868597
19,C,M,G,0.1943207126948775
19,C,M,H,0.07761692650334076
19,C,M,I,0.07271714922048998
19,C,L,A,0.09846750727449079
19,C,L,B,0.11123181377303588
19,C,L,C,0.14498545101842872
19,C,L,D,0.09497575169738118
19,C,L,E,0.11546071774975751
19,C,L,F,0.1101454898157129
19,C,L,G,0.16500484966052376
19,C,L,H,0.0840349175557711
19,C,L,I,0.07569350145489816
19,I,H,A,0.10988827189402556
19,I,H,B,0.11932160299725697
19,I,H,C,0.11032314176757878
19,I,H,D,0.12925670703151135
19,I,H,E,0.07820967418211013
19,I,H,F,0.10584063691710711
19,I,H,G,0.16869605940991503
19,I,H,H,0.07834348029704957
19,I,H,I,0.1001204255034455
19,I,M,A,0.10355738805254579
19,I,M,B,0.12120049860964618
19,I,M,C,0.12935084859526322
19,I,M,D,0.11026944098187745
19,I,M,E,0.09953015629494678
19,I,M,F,0.11985808802377984
19,I,M,G,0.15130885032121968
19,I,M,H,0.07536676574935276
19,I,M,I,0.0895579633713683
19,I,L,A,0.0847927090779128
19,I,L,B,0.09051107934238742
19,I,L,C,0.14885632594710507
19,I,L,D,0.10078627591136526
19,I,L,E,0.12419585418155825
19,I,L,F,0.10400285918513223
19,I,L,G,0.14974982130092923
19,I,L,H,0.10060757684060043
19,I,L,I,0.09649749821300929
20,R,R,A,0.10338363194935309
20,R,R,B,0.15003534220473894
20,R,R,C,0.1345462368235041
20,R,R,D,0.0920741264328959
20,R,R,E,0.12922953993669137
20,R,R,F,0.0765235563477673
20,R,R,G,0.11134331110359875
20,R,R,H,0.10488951719475091
20,R,R,I,0.09797473800669965
20,C,H,A,0.07890204520990313
20,C,H,B,0.11819160387513455
20,C,H,C,0.1441334768568353
20,C,H,D,0.07696447793326157
20,C,H,E,0.21883745963401507
20,C,H,F,0.06318622174381056
20,C,H,G,0.07933261571582347
20,C,H,H,0.1
20,C,H,I,0.12045209903121636
20,C,M,A,0.09119603201442904
20,C,M,B,0.12602863262315409
20,C,M,C,0.1573667004847255
20,C,M,D,0.06617066847029647
20,C,M,E,0.20899560365235034
20,C,M,F,0.05963251042723481
20,C,M,G,0.08747604554165257
20,C,M,H,0.10179235711870138
20,C,M,I,0.10134144966745576
20,C,L,A,0.0970332208207497
20,C,L,B,0.11398116894652692
20,C,L,C,0.15409486587315688
20,C,L,D,0.0862675430804761
20,C,L,E,0.1664238763545923
20,C,L,F,0.06953277669213004
20,C,L,G,0.10211405222952567
20,C,L,H,0.09131284419968022
20,C,L,I,0.11923965180316219
20,I,H,A,0.07875322759129473
20,I,H,B,0.11250461084470675
20,I,H,C,0.12604205090372556
20,I,H,D,0.07347842124677241
20,I,H,E,0.24570269273330875
20,I,H,F,0.05780154924382147
20,I,H,G,0.0766875691626706
20,I,H,H,0.11368498708963481
20,I,H,I,0.11534489118406492
20,I,M,A,0.07542553191489362
20,I,M,B,0.1148936170212766
20,I,M,C,0.13170212765957448
20,I,M,D,0.07446808510638298
20,I,M,E,0.23042553191489362
20,I,M,F,0.06340425531914894
20,I,M,G,0.08670212765957447
20,I,M,H,0.10872340425531915
20,I,M,I,0.11425531914893618
20,I,L,A,0.07142182333490789
20,I,L,B,0.10637694851204535
20,I,L,C,0.1521965044874823
20,I,L,D,0.09145016532829475
20,I,L,E,0.23882853094000944
20,I,L,F,0.054416627302786964
20,I,L,G,0.08105810108644308
20,I,L,H,0.0908833254605574
20,I,L,I,0.11336797354747284
21,R,R,A,0.10180251383117049
21,R,R,B,0.06832725696657574
21,R,R,C,0.14761746934196773
21,R,R,D,0.12510516788618922
21,R,R,E,0.11669173699105116
21,R,R,F,0.1124085358080718
21,R,R,G,0.12579353950488234
21,R,R,H,0.06600718965912858
21,R,R,I,0.13624659001096295
21,C,H,A,0.08235001863122593
21,C,H,B,0.04819277108433735
21,C,H,C,0.17314619301950068
21,C,H,D,0.1511613464165942
21,C,H,E,0.11812197242578562
21,C,H,F,0.08160476959383928
21,C,H,G,0.12184821761271891
21,C,H,H,0.05788100857036393
21,C,H,I,0.16569370264563407
21,C,M,A,0.08727423135254378
21,C,M,B,0.06549014201020267
21,C,M,C,0.15538397904315457
21,C,M,D,0.14104508479249966
21,C,M,E,0.13263477181855785
21,C,M,F,0.09802840204053495
21,C,M,G,0.12987729215497035
21,C,M,H,0.05446022335585275
21,C,M,I,0.13580587343168343
21,C,L,A,0.08083364004416636
21,C,L,B,0.05962458594037542
21,C,L,C,0.1547202797202797
21,C,L,D,0.14459882223040119
21,C,L,E,0.1340633051159367
21,C,L,F,0.0840541037909459
21,C,L,G,0.12026131762973868
21,C,L,H,0.06137283768862716
21,C,L,I,0.1604711078395289
21,I,H,A,0.08712358518147266
21,I,H,B,0.06127051747901265
21,I,H,C,0.12968299711815562
21,I,H,D,0.16581046652466275
21,I,H,E,0.12082863467401746
21,I,H,F,0.08039928162719792
21,I,H,G,0.11681911205780394
21,I,H,H,0.06039343440671595
21,I,H,I,0.17767197093096104
21,I,M,A,0.07829051503713624
21,I,M,B,0.048946791671739924
21,I,M,C,0.15231949348593693
21,I,M,D,0.14671861682698162
21,I,M,E,0.1316206014854499
21,I,M,F,0.07780348228418361
21,I,M,G,0.11067819310848655
21,I,M,H,0.06940216729575063
21,I,M,I,0.1842201388043346
21,I,L,A,0.08412979351032449
21,I,L,B,0.05333333333333334
21,I,L,C,0.1713274336283186
21,I,L,D,0.12778761061946903
21,I,L,E,0.1375811209439528
21,I,L,F,0.07728613569321534
21,I,L,G,0.11811209439528024
21,I,L,H,0.047315634218289084
21,I,L,I,0.18312684365781712
22,R,R,A,0.088749425991122
22,R,R,B,0.09070870962804224
22,R,R,C,0.0986376855962039
22,R,R,D,0.1414664013470075
22,R,R,E,0.1299862237869279
22,R,R,F,0.09263737945813562
22,R,R,G,0.10127047298331547
22,R,R,H,0.112260829634165
22,R,R,I,0.14428287157508035
22,C,H,A,0.09909821603607136
22,C,H,B,0.09752989609880415
22,C,H,C,0.09155067633797295
22,C,H,D,0.14438345422466184
22,C,H,E,0.1196824152127034
22,C,H,F,0.09076651636933934
22,C,H,G,0.08645363654185453
22,C,H,H,0.11497745540090179
22,C,H,I,0.15555773377769064
22,C,M,A,0.08421944104639127
22,C,M,B,0.08788933847746307
22,C,M,C,0.09871083090241836
22,C,M,D,0.12825821021925285
22,C,M,E,0.13616260468617672
22,C,M,F,0.09946363037545873
22,C,M,G,0.10219252846523007
22,C,M,H,0.12496471252470123
22,C,M,I,0.1381387033029077
22,C,L,A,0.09574584227955893
22,C,L,B,0.10135012191127771
22,C,L,C,0.08417336875432148
22,C,L,D,0.14487426762254813
22,C,L,E,0.12260271480039303
22,C,L,F,0.08879507987918046
22,C,L,G,0.10033116197823792
22,C,L,H,0.11812656938025401
22,C,L,I,0.14400087339422832
22,I,H,A,0.08993489299398773
22,I,H,B,0.08248964206722532
22,I,H,C,0.08931185944363104
22,I,H,D,0.13622628578548954
22,I,H,E,0.1458833058160182
22,I,H,F,0.09096289835207626
22,I,H,G,0.08697548362979346
22,I,H,H,0.12401482819849849
22,I,H,I,0.15420080371327996
22,I,M,A,0.0926219404824793
22,I,M,B,0.09138932910723718
22,I,M,C,0.07659799260433175
22,I,M,D,0.14113400246522276
22,I,M,E,0.14183835182250396
22,I,M,F,0.09403063919704173
22,I,M,G,0.08584257791864765
22,I,M,H,0.13681986265187532
22,I,M,I,0.13972530375066033
22,I,L,A,0.08844178082191781
22,I,L,B,0.1095890410958904
22,I,L,C,0.09297945205479452
22,I,L,D,0.14477739726027397
22,I,L,E,0.13433219178082192
22,I,L,F,0.0821917808219178
22,I,L,G,0.09554794520547945
22,I,L,H,0.1050513698630137
22,I,L,I,0.1470890410958904
23,R,R,A,0.10279169229867885
23,R,R,B,0.10056536895450684
23,R,R,C,0.09751882122037672
23,R,R,D,0.10566247766353223
23,R,R,E,0.1416937633652635
23,R,R,F,0.10829891320268331
23,R,R,G,0.0851275741863667
23,R,R,H,0.13003485953657323
23,R,R,I,0.12830652957201863
23,C,H,A,0.08650260999254288
23,C,H,B,0.08818046234153616
23,C,H,C,0.09004474272930649
23,C,H,D,0.09284116331096197
23,C,H,E,0.16554809843400448
23,C,H,F,0.10374720357941834
23,C,H,G,0.06198732289336316
23,C,H,H,0.1710477255779269
23,C,H,I,0.1401006711409396
23,C,M,A,0.0889487870619946
23,C,M,B,0.0817955629276384
23,C,M,C,0.09941944847605225
23,C,M,D,0.1238855484138503
23,C,M,E,0.1262699564586357
23,C,M,F,0.11465892597968069
23,C,M,G,0.08221024258760108
23,C,M,H,0.15529753265602322
23,C,M,I,0.12751399543852374
23,C,L,A,0.09319131447359408
23,C,L,B,0.10028084115350366
23,C,L,C,0.1190834988697856
23,C,L,D,0.09860264401671347
23,C,L,E,0.1547708747174464
23,C,L,F,0.09993835194191383
23,C,L,G,0.0863072813206384
23,C,L,H,0.13134461264470168
23,C,L,I,0.11648058086170286
23,I,H,A,0.07840860072336331
23,I,H,B,0.09058632246076252
23,I,H,C,0.1007731360122109
23,I,H,D,0.09758768291468958
23,I,H,E,0.17815310083949962
23,I,H,F,0.08660450608886087
23,I,H,G,0.07356405747088297
23,I,H,H,0.16793310548495205
23,I,H,I,0.12638948800477817
23,I,M,A,0.080540916774386
23,I,M,B,0.08491597892015512
23,I,M,C,0.09207517152232277
23,I,M,D,0.11176295117828378
23,I,M,E,0.18037188028239037
23,I,M,F,0.09436213582579298
23,I,M,G,0.0483245500646316
23,I,M,H,0.15263000894899076
23,I,M,I,0.15501640648304663
23,I,L,A,0.08509423186750428
23,I,L,B,0.08814011041309727
23,I,L,C,0.10241766609556444
23,I,L,D,0.10289358461831334
23,I,L,E,0.18227679421283077
23,I,L,F,0.08775937559489816
23,I,L,G,0.060822387207310105
23,I,L,H,0.1555301732343423
23,I,L,I,0.13506567675613934
24,R,R,A,0.10114622935935992
24,R,R,B,0.1116722464960563
24,R,R,C,0.08928672757192306
24,R,R,D,0.1578618850365999
24,R,R,E,0.07495886057992396
24,R,R,F,0.13102195993871646
24,R,R,G,0.13195823639561935
24,R,R,H,0.10222436588549055
24,R,R,I,0.0998694887363105
24,C,H,A,0.11457929430011632
24,C,H,B,0.1001357115160915
24,C,H,C,0.10100814269096549
24,C,H,D,0.14152772392400156
24,C,H,E,0.08210546723536255
24,C,H,F,0.12485459480418767
24,C,H,G,0.11651803024428073
24,C,H,H,0.10372237301279566
24,C,H,I,0.11554866227219852
24,C,M,A,0.11145510835913312
24,C,M,B,0.0936532507739938
24,C,M,C,0.09630694383016364
24,C,M,D,0.16110128261831047
24,C,M,E,0.07142857142857142
24,C,M,F,0.12118531623175587
24,C,M,G,0.12881468376824415
24,C,M,H,0.11521450685537372
24,C,M,I,0.10084033613445378
24,C,L,A,0.08736789897371333
24,C,L,B,0.10198008469726451
24,C,L,C,0.08984777383541262
24,C,L,D,0.1650070581053756
24,C,L,E,0.08584182213574454
24,C,L,F,0.1102590515432452
24,C,L,G,0.12212429895845256
24,C,L,H,0.11529510510854221
24,C,L,I,0.12227690664224944
24,I,H,A,0.0961165720614703
24,I,H,B,0.10380035996123495
24,I,H,C,0.11027273985878444
24,I,H,D,0.14253080437491347
24,I,H,E,0.09050948359407449
24,I,H,F,0.1201024505053302
24,I,H,G,0.12048317873459781
24,I,H,H,0.1002353592690018
24,I,H,I,0.11594905164059255
24,I,M,A,0.09634551495016612
24,I,M,B,0.1103392731299708
24,I,M,C,0.09201651062116178
24,I,M,D,0.16953589046612302
24,I,M,E,0.09322460485251183
24,I,M,F,0.10731903755159569
24,I,M,G,0.14446793516560957
24,I,M,H,0.09030504379341589
24,I,M,I,0.09644618946944529
24,I,L,A,0.08355141998643016
24,I,L,B,0.09663661917224
24,I,L,C,0.10778327033052244
24,I,L,D,0.1609964136861491
24,I,L,E,0.10565086750024232
24,I,L,F,0.08897935446350683
24,I,L,G,0.13220897547736746
24,I,L,H,0.10254919065619851
24,I,L,I,0.12164388872734322
25,R,R,A,0.08966311546213648
25,R,R,B,0.07912467607255974
25,R,R,C,0.13584797005470775
25,R,R,D,0.12623092427296287
25,R,R,E,0.10008638065073423
25,R,R,F,0.14088684134753815
25,R,R,G,0.1307227181111431
25,R,R,H,0.10734235531241001
25,R,R,I,0.09009501871580766
25,C,H,A,0.05431423817447112
25,C,H,B,0.053363441882576655
25,C,H,C,0.09448538150701212
25,C,H,D,0.20406465414784883
25,C,H,E,0.08212502971238413
25,C,H,F,0.12918944616115996
25,C,H,G,0.14772997385310196
25,C,H,H,0.0786783931542667
25,C,H,I,0.15604944140717852
25,C,M,A,0.07780070396892827
25,C,M,B,0.06287170773152082
25,C,M,C,0.10438159970870252
25,C,M,D,0.2003883966500789
25,C,M,E,0.07962131326617308
25,C,M,F,0.08059230489137031
25,C,M,G,0.14759072702997936
25,C,M,H,0.06942590120160214
25,C,M,I,0.17732734555164462
25,C,L,A,0.06160189418680601
25,C,L,B,0.05458033964728935
25,C,L,C,0.10773187459177008
25,C,L,D,0.20240039190071848
25,C,L,E,0.08940235140431091
25,C,L,F,0.12099934683213585
25,C,L,G,0.16390431090790333
25,C,L,H,0.0693990855649902
25,C,L,I,0.12998040496407576
25,I,H,A,0.05373954959704753
25,I,H,B,0.05791971077803721
25,I,H,C,0.10593507569481057
25,I,H,D,0.2011373051141071
25,I,H,E,0.10280936958650297
25,I,H,F,0.10823228138886797
25,I,H,G,0.14562777735934324
25,I,H,H,0.09471266099269414
25,I,H,I,0.12988626948858928
25,I,M,A,0.05088744102448888
25,I,M,B,0.055156144686587284
25,I,M,C,0.11559200179734891
25,I,M,D,0.21815322399460796
25,I,M,E,0.09099078858683442
25,I,M,F,0.10638058863176814
25,I,M,G,0.14434958436306447
25,I,M,H,0.087059087845428
25,I,M,I,0.13143113906987194
25,I,L,A,0.04755244755244755
25,I,L,B,0.049811726734803656
25,I,L,C,0.12974717590102205
25,I,L,D,0.18526089295320064
25,I,L,E,0.11274878967186659
25,I,L,F,0.11705217859064013
25,I,L,G,0.15739644970414202
25,I,L,H,0.08929532006455083
25,I,L,I,0.11113501882732651
26,R,R,A,0.08111668757841907
26,R,R,B,0.08601003764115434
26,R,R,C,0.12289836888331242
26,R,R,D,0.14149937264742785
26,R,R,E,0.09300501882057717
26,R,R,F,0.14560853199498117
26,R,R,G,0.13670012547051444
26,R,R,H,0.1042659974905897
26,R,R,I,0.08889585947302384
26,C,H,A,0.10643729189789124
26,C,H,B,0.10299667036625972
26,C,H,C,0.09456159822419534
26,C,H,D,0.1344062153163152
26,C,H,E,0.12408435072142064
26,C,H,F,0.1
26,C,H,G,0.09478357380688124
26,C,H,H,0.08945615982241953
26,C,H,I,0.1532741398446171
26,C,M,A,0.12260716382853787
26,C,M,B,0.11180270111567822
26,C,M,C,0.11415149735760423
26,C,M,D,0.10146799765120376
26,C,M,E,0.1091015854374633
26,C,M,F,0.11098062243100411
26,C,M,G,0.10510863182618908
26,C,M,H,0.0887844979448033
26,C,M,I,0.13599530240751614
26,C,L,A,0.13136380527684877
26,C,L,B,0.10349312523225566
26,C,L,C,0.09695280564845782
26,C,L,D,0.1315867707172055
26,C,L,E,0.10037160906726124
26,C,L,F,0.1001486436269045
26,C,L,G,0.10639167595689335
26,C,L,H,0.09238201412114455
26,C,L,I,0.1373095503530286
26,I,H,A,0.09676637584822047
26,I,H,B,0.10085168259243872
26,I,H,C,0.09631629968148456
26,I,H,D,0.1367885334441213
26,I,H,E,0.11715828832571666
26,I,H,F,0.09506993491206205
26,I,H,G,0.09538152610441768
26,I,H,H,0.10957623597839634
26,I,H,I,0.1520911231131422
26,I,M,A,0.11495726495726495
26,I,M,B,0.09284188034188035
26,I,M,C,0.09273504273504274
26,I,M,D,0.12211538461538461
26,I,M,E,0.11452991452991453
26,I,M,F,0.08728632478632478
26,I,M,G,0.08354700854700854
26,I,M,H,0.11912393162393162
26,I,M,I,0.17286324786324786
26,I,L,A,0.09411167512690355
26,I,L,B,0.11116751269035532
26,I,L,C,0.08984771573604061
26,I,L,D,0.17736040609137055
26,I,L,E,0.10984771573604062
26,I,L,F,0.0734010152284264
26,I,L,G,0.09045685279187818
26,I,L,H,0.0901522842639594
26,I,L,I,0.16365482233502537
27,R,R,A,0.08166620992052617
27,R,R,B,0.07253128711062391
27,R,R,C,0.15197466581407387
27,R,R,D,0.12003288572211565
27,R,R,E,0.11281629670229286
27,R,R,F,0.12898511007581986
27,R,R,G,0.17042720989007643
27,R,R,H,0.07871258487865777
27,R,R,I,0.08285374988581347
27,C,H,A,0.060372726258230106
27,C,H,B,0.10177435554067626
27,C,H,C,0.20890525610980917
27,C,H,D,0.09429751143845554
27,C,H,E,0.12453967191161701
27,C,H,F,0.09452070081464123
27,C,H,G,0.150764423613436
27,C,H,H,0.08045977011494253
27,C,H,I,0.08436558419819216
27,C,M,A,0.08910227780259045
27,C,M,B,0.10283608753907994
27,C,M,C,0.18222420723537294
27,C,M,D,0.08173291648057168
27,C,M,E,0.15542652970075926
27,C,M,F,0.09546672621706119
27,C,M,G,0.11288521661456007
27,C,M,H,0.08966056275122823
27,C,M,I,0.09066547565877624
27,C,L,A,0.08956031218607527
27,C,L,B,0.10261958117610695
27,C,L,C,0.19654586198902713
27,C,L,D,0.09400355459392629
27,C,L,E,0.11509929680859285
27,C,L,F,0.10076501043196044
27,C,L,G,0.13167452283440229
27,C,L,H,0.08438296885866625
27,C,L,I,0.08534889112124257
27,I,H,A,0.07024231901562618
27,I,H,B,0.06397674945270627
27,I,H,C,0.2326564505170982
27,I,H,D,0.10447648524194157
27,I,H,E,0.11274250773760097
27,I,H,F,0.12078206386351627
27,I,H,G,0.15501623008983165
27,I,H,H,0.05857930097380539
27,I,H,I,0.08152789310787348
27,I,M,A,0.07639558555662702
27,I,M,B,0.0650380370727526
27,I,M,C,0.1895424836601307
27,I,M,D,0.10993249758919961
27,I,M,E,0.13939783563698704
27,I,M,F,0.1092896174863388
27,I,M,G,0.12300439301403622
27,I,M,H,0.0950391085395907
27,I,M,I,0.0923604414443373
27,I,L,A,0.08347297863426896
27,I,L,B,0.060117302052785926
27,I,L,C,0.21334310850439883
27,I,L,D,0.10305823209049016
27,I,L,E,0.1515500628403854
27,I,L,F,0.10766652702136573
27,I,L,G,0.09593632174277336
27,I,L,H,0.07572266443234185
27,I,L,I,0.10913280268118977
28,R,R,A,0.07283470411829329
28,R,R,B,0.08665637340776151
28,R,R,C,0.11133050268713442
28,R,R,D,0.11857537337806942
28,R,R,E,0.16480596217227353
28,R,R,F,0.0959945366548888
28,R,R,G,0.09937943525639123
28,R,R,H,0.12638439383592148
28,R,R,I,0.12403871848926631
28,C,H,A,0.051401338931124474
28,C,H,B,0.09225008510155452
28,C,H,C,0.08657664813343924
28,C,H,D,0.17111085895835698
28,C,H,E,0.10904345852717576
28,C,H,F,0.10836264609100194
28,C,H,G,0.12629070691024621
28,C,H,H,0.12481561329853626
28,C,H,I,0.13014864404856463
28,C,M,A,0.08291685597455702
28,C,M,B,0.07530667878237166
28,C,M,C,0.10381644706951386
28,C,M,D,0.1402771467514766
28,C,M,E,0.1444797819173103
28,C,M,F,0.09643343934575194
28,C,M,G,0.09438891412994094
28,C,M,H,0.1459563834620627
28,C,M,I,0.116424352567015
28,C,L,A,0.0620684085127004
28,C,L,B,0.09784759520251989
28,C,L,C,0.08650002019141462
28,C,L,D,0.16912328877761176
28,C,L,E,0.12829624843516538
28,C,L,F,0.09005370916286395
28,C,L,G,0.12579251302346242
28,C,L,H,0.12252150385656019
28,C,L,I,0.1177967128377014
28,I,H,A,0.05399688265419728
28,I,H,B,0.08654345728494026
28,I,H,C,0.08246121873376383
28,I,H,D,0.18418318117716914
28,I,H,E,0.12024048096192384
28,I,H,F,0.08353744526089216
28,I,H,G,0.11430267943293995
28,I,H,H,0.13623543383062423
28,I,H,I,0.13849922066354933
28,I,M,A,0.0908386811241425
28,I,M,B,0.08054879398096924
28,I,M,C,0.095707014826289
28,I,M,D,0.15346315556539059
28,I,M,E,0.11883159991148484
28,I,M,F,0.07844655897322417
28,I,M,G,0.07911042265988051
28,I,M,H,0.14638194290772294
28,I,M,I,0.15667183005089622
28,I,L,A,0.07428441617446616
28,I,L,B,0.08427987278509769
28,I,L,C,0.07996365288505225
28,I,L,D,0.1615174920490686
28,I,L,E,0.1216492503407542
28,I,L,F,0.0854157201272149
28,I,L,G,0.09893230349840981
28,I,L,H,0.1434575193094048
28,I,L,I,0.15049977283053156
29,R,R,A,0.11503450737743931
29,R,R,B,0.08008091385054736
29,R,R,C,0.1438005711565921
29,R,R,D,0.09221799143265112
29,R,R,E,0.12437529747739172
29,R,R,F,0.13207996192289387
29,R,R,G,0.09099833412660638
29,R,R,H,0.12282841504045693
29,R,R,I,0.09858400761542123
29,C,H,A,0.09848568586271693
29,C,H,B,0.07991599425223832
29,C,H,C,0.1837073062893777
29,C,H,D,0.11031281087653366
29,C,H,E,0.1318669172101249
29,C,H,F,0.12501381673482923
29,C,H,G,0.08875870454294241
29,C,H,H,0.09152205150878745
29,C,H,I,0.09041671272244943
29,C,M,A,0.11801970905678086
29,C,M,B,0.07121069920225247
29,C,M,C,0.19263256687001407
29,C,M,D,0.07836696386672924
29,C,M,E,0.11872360394181136
29,C,M,F,0.11966213045518535
29,C,M,G,0.08657907085875176
29,C,M,H,0.12060065696855936
29,C,M,I,0.09420459877991554
29,C,L,A,0.11125009772496286
29,C,L,B,0.07055742318817919
29,C,L,C,0.17676491282933313
29,C,L,D,0.09264326479555937
29,C,L,E,0.12579157219920256
29,C,L,F,0.12653428191697288
29,C,L,G,0.10198577124540692
29,C,L,H,0.09451958408255805
29,C,L,I,0.09995309201782503
29,I,H,A,0.10131697636658848
29,I,H,B,0.06552408443081364
29,I,H,C,0.16832040411329605
29,I,H,D,0.10391484755547538
29,I,H,E,0.1382644777196464
29,I,H,F,0.12145047808046185
29,I,H,G,0.0995850622406639
29,I,H,H,0.09637380479884539
29,I,H,I,0.10524986469420891
29,I,M,A,0.10021442275138247
29,I,M,B,0.07437083850581198
29,I,M,C,0.1759395102132942
29,I,M,D,0.11341835007335516
29,I,M,E,0.12413948764247827
29,I,M,F,0.10845277056765602
29,I,M,G,0.10393860738065681
29,I,M,H,0.08520483015461008
29,I,M,I,0.11432118271075499
29,I,L,A,0.11194178628389155
29,I,L,B,0.0641945773524721
29,I,L,C,0.17095295055821372
29,I,L,D,0.10655901116427433
29,I,L,E,0.1490231259968102
29,I,L,F,0.1189194577352472
29,I,L,G,0.08662280701754387
29,I,L,H,0.0840311004784689
29,I,L,I,0.10775518341307815
30,R,R,A,0.10101287448898652
30,R,R,B,0.13304655561657208
30,R,R,C,0.12072121544938678
30,R,R,D,0.10107389102446764
30,R,R,E,0.09753493196656293
30,R,R,F,0.11852462017206664
30,R,R,G,0.13539569223259504
30,R,R,H,0.1090975654402343
30,R,R,I,0.08359265360912807
30,C,H,A,0.10758489368454459
30,C,H,B,0.14090764836559821
30,C,H,C,0.15138051412250078
30,C,H,D,0.060192531471490535
30,C,H,E,0.13953242356923728
30,C,H,F,0.10060298317994287
30,C,H,G,0.0807151168941077
30,C,H,H,0.1438696710039141
30,C,H,I,0.07521421770866392
30,C,M,A,0.09485320337572804
30,C,M,B,0.14144775941994533
30,C,M,C,0.11886366337810532
30,C,M,D,0.10388684179246405
30,C,M,E,0.12242957327944848
30,C,M,F,0.11577320813027457
30,C,M,G,0.10043979555449899
30,C,M,H,0.13479139427077141
30,C,M,I,0.06751456079876382
30,C,L,A,0.09698588325066769
30,C,L,B,0.1479969477298741
30,C,L,C,0.13010301411674932
30,C,L,D,0.09324685234643267
30,C,L,E,0.11293399465852728
30,C,L,F,0.10705837466615796
30,C,L,G,0.1078214421976345
30,C,L,H,0.1250667684090042
30,C,L,I,0.0787867226249523
30,I,H,A,0.11328395782407238
30,I,H,B,0.14732387172096756
30,I,H,C,0.13112481301762194
30,I,H,D,0.07245795176766756
30,I,H,E,0.14622934072749827
30,I,H,F,0.07851435659819767
30,I,H,G,0.07986427815680981
30,I,H,H,0.13294903134007077
30,I,H,I,0.09825239884709402
30,I,M,A,0.10683216634839805
30,I,M,B,0.15542117547209844
30,I,M,C,0.10492255463611289
30,I,M,D,0.07532357309569276
30,I,M,E,0.13738595374496074
30,I,M,F,0.11043921069382559
30,I,M,G,0.08625079567154678
30,I,M,H,0.15425419053681308
30,I,M,I,0.06917037980055167
30,I,L,A,0.1137809187279152
30,I,L,B,0.14043412417970721
30,I,L,C,0.12185764765270066
30,I,L,D,0.07965673902069662
30,I,L,E,0.13154972236244322
30,I,L,F,0.1237758707723372
30,I,L,G,0.07299343765774861
30,I,L,H,0.1534578495709238
30,I,L,I,0.06249369005552751
31,R,R,A,0.13022893443605418
31,R,R,B,0.08009708737864078
31,R,R,C,0.13876902792760398
31,R,R,D,0.10532781972911423
31,R,R,E,0.0967577609972432
31,R,R,F,0.1488673139158576
31,R,R,G,0.10358983579048305
31,R,R,H,0.09124415677813737
31,R,R,I,0.10511806304686563
31,C,H,A,0.13728944181437852
31,C,H,B,0.06627766156556204
31,C,H,C,0.10249917428162501
31,C,H,D,0.13651877133105803
31,C,H,E,0.07915886821534736
31,C,H,F,0.18341957503027634
31,C,H,G,0.09336122426511065
31,C,H,H,0.10062754596498955
31,C,H,I,0.10084773753165253
31,C,M,A,0.11366923818707811
31,C,M,B,0.06183702989392478
31,C,M,C,0.11378977820636452
31,C,M,D,0.1517598842815815
31,C,M,E,0.06882835101253616
31,C,M,F,0.15067502410800385
31,C,M,G,0.1128254580520733
31,C,M,H,0.10053037608486018
31,C,M,I,0.12608486017357762
31,C,L,A,0.10883310262261962
31,C,L,B,0.0590370010101388
31,C,L,C,0.10756107598488533
31,C,L,D,0.1459089378577575
31,C,L,E,0.09925549029144375
31,C,L,F,0.15481312432189756
31,C,L,G,0.08702158704029331
31,C,L,H,0.11736316360507314
31,C,L,I,0.12020651726589097
31,I,H,A,0.09702970297029703
31,I,H,B,0.07430953621677958
31,I,H,C,0.1156852527357999
31,I,H,D,0.13778009379885356
31,I,H,E,0.08754559666492966
31,I,H,F,0.17908632968560015
31,I,H,G,0.10161542470036478
31,I,H,H,0.09928782351919402
31,I,H,I,0.10766023970818134
31,I,M,A,0.1077427283900041
31,I,M,B,0.06861941827120033
31,I,M,C,0.1139901679639492
31,I,M,D,0.14143793527242934
31,I,M,E,0.0780417861532159
31,I,M,F,0.1684760344121262
31,I,M,G,0.11122490782466202
31,I,M,H,0.11009832036050798
31,I,M,I,0.10036870135190495
31,I,L,A,0.11153012161779957
31,I,L,B,0.07617611011596116
31,I,L,C,0.11134156688978976
31,I,L,D,0.12142924483831433
31,I,L,E,0.09022343735269162
31,I,L,F,0.16856792684076552
31,I,L,G,0.09418308664089751
31,I,L,H,0.11181295370981427
31,I,L,I,0.11473555199396625
32,R,R,A,0.12017499479182167
32,R,R,B,0.10553257343531443
32,R,R,C,0.13475789411029435
32,R,R,D,0.06821225558763132
32,R,R,E,0.11868694384095711
32,R,R,F,0.15532275825124253
32,R,R,G,0.08776524508199161
32,R,R,H,0.1436266777774471
32,R,R,I,0.0659206571232999
32,C,H,A,0.0964585770498777
32,C,H,B,0.14782516218228225
32,C,H,C,0.11634584707008401
32,C,H,D,0.06668084653833883
32,C,H,E,0.13112836328831223
32,C,H,F,0.11528235669467192
32,C,H,G,0.08614272040838031
32,C,H,H,0.16952036584068914
32,C,H,I,0.0706157609273636
32,C,M,A,0.08924205378973105
32,C,M,B,0.1356968215158924
32,C,M,C,0.11824849966659258
32,C,M,D,0.0866859302067126
32,C,M,E,0.1304734385418982
32,C,M,F,0.12336074683262947
32,C,M,G,0.09313180706823738
32,C,M,H,0.14881084685485663
32,C,M,I,0.07434985552344965
32,C,L,A,0.08544018058690744
32,C,L,B,0.11775771256583897
32,C,L,C,0.1372836719337848
32,C,L,D,0.06617757712565839
32,C,L,E,0.1510910458991723
32,C,L,F,0.1246425884123401
32,C,L,G,0.08389766741911212
32,C,L,H,0.1702407825432656
32,C,L,I,0.06346877351392025
32,I,H,A,0.07995561873721438
32,I,H,B,0.13900350195901667
32,I,H,C,0.12152837973717971
32,I,H,D,0.07340244790402552
32,I,H,E,0.166117679692105
32,I,H,F,0.0924031760341181
32,I,H,G,0.09711868520508998
32,I,H,H,0.15682535279636628
32,I,H,I,0.07364515793488437
32,I,M,A,0.08700696055684455
32,I,M,B,0.1572892498066512
32,I,M,C,0.10730858468677494
32,I,M,D,0.07579273008507348
32,I,M,E,0.16279969064191802
32,I,M,F,0.09435421500386698
32,I,M,G,0.09290409899458624
32,I,M,H,0.14327146171693736
32,I,M,I,0.07927300850734725
32,I,L,A,0.0798424289008455
32,I,L,B,0.12096464258262875
32,I,L,C,0.1398923904688701
32,I,L,D,0.07061875480399693
32,I,L,E,0.17198308993082245
32,I,L,F,0.12173328209069946
32,I,L,G,0.08762490392006149
32,I,L,H,0.1467140661029977
32,I,L,I,0.06062644119907763
33,R,R,A,0.10986930499572493
33,R,R,B,0.09542567485037254
33,R,R,C,0.1064797850250397
33,R,R,D,0.12345792109441799
33,R,R,E,0.11502992549163307
33,R,R,F,0.12086234273848785
33,R,R,G,0.10495297422743374
33,R,R,H,0.11863319897398314
33,R,R,I,0.10528887260290705
33,C,H,A,0.07993904128567471
33,C,H,B,0.10473815461346633
33,C,H,C,0.0685785536159601
33,C,H,D,0.1487946799667498
33,C,H,E,0.09074535882515933
33,C,H,F,0.14824050983651982
33,C,H,G,0.1055694098088113
33,C,H,H,0.1288445552784705
33,C,H,I,0.12454973676918814
33,C,M,A,0.06920569057498518
33,C,M,B,0.11677534084173088
33,C,M,C,0.07424422050978068
33,C,M,D,0.12892708950800238
33,C,M,E,0.10210432720806165
33,C,M,F,0.13292827504445762
33,C,M,G,0.11455245998814463
33,C,M,H,0.17294013040901007
33,C,M,I,0.08832246591582692
33,C,L,A,0.1039131704468023
33,C,L,B,0.09729387715370388
33,C,L,C,0.08327655018008372
33,C,L,D,0.13919984425192253
33,C,L,E,0.09374087413608488
33,C,L,F,0.1348194295726662
33,C,L,G,0.11301469872481261
33,C,L,H,0.13311593497517765
33,C,L,I,0.10162562055874623
33,I,H,A,0.09320001809709089
33,I,H,B,0.09618603809437633
33,I,H,C,0.09415011536895444
33,I,H,D,0.12102429534452337
33,I,H,E,0.09623128082160792
33,I,H,F,0.15423245713251596
33,I,H,G,0.10392254445097951
33,I,H,H,0.14065963896303668
33,I,H,I,0.1003936117269149
33,I,M,A,0.09646041610375575
33,I,M,B,0.09700081059173196
33,I,M,C,0.09821669818967846
33,I,M,D,0.11105106727911375
33,I,M,E,0.09024587949202918
33,I,M,F,0.152931640097271
33,I,M,G,0.11686030802485815
33,I,M,H,0.13888138340988923
33,I,M,I,0.09835179681167253
33,I,L,A,0.08999400838825644
33,I,L,B,0.07813061713600959
33,I,L,C,0.09370880766926303
33,I,L,D,0.13876572798082684
33,I,L,E,0.10317555422408628
33,I,L,F,0.15014979029358896
33,I,L,G,0.11180347513481126
33,I,L,H,0.13265428400239665
33,I,L,I,0.10161773517076093
34,R,R,A,0.09586943874582811
34,R,R,B,0.07639548057197097
34,R,R,C,0.13913469487736918
34,R,R,D,0.11914020637496556
34,R,R,E,0.11185278177531462
34,R,R,F,0.14580973085520071
34,R,R,G,0.10661685905875869
34,R,R,H,0.08910254447472366
34,R,R,I,0.11607826326586852
34,C,H,A,0.0938812578045181
34,C,H,B,0.07651265750936542
34,C,H,C,0.1711885571574526
34,C,H,D,0.08741060279259848
34,C,H,E,0.15722556476331026
34,C,H,F,0.09819502781246453
34,C,H,G,0.12816437734135544
34,C,H,H,0.08275627199455103
34,C,H,I,0.10466568282438415
34,C,M,A,0.10948503521126761
34,C,M,B,0.07944542253521127
34,C,M,C,0.16087147887323944
34,C,M,D,0.10013204225352113
34,C,M,E,0.14084507042253522
34,C,M,F,0.10002200704225352
34,C,M,G,0.11553697183098592
34,C,M,H,0.07867517605633803
34,C,M,I,0.11498679577464789
34,C,L,A,0.10110557852983375
34,C,L,B,0.08059751877795594
34,C,L,C,0.21352012828086758
34,C,L,D,0.07840324077981264
34,C,L,E,0.14317663937885053
34,C,L,F,0.10654907587138156
34,C,L,G,0.1213182547050384
34,C,L,H,0.06996371001772302
34,C,L,I,0.08536585365853659
34,I,H,A,0.08968021010350688
34,I,H,B,0.08388691487718214
34,I,H,C,0.19071527885061024
34,I,H,D,0.07654874092383748
34,I,H,E,0.18105978680673568
34,I,H,F,0.0738065811833771
34,I,H,G,0.1066738761007261
34,I,H,H,0.07809361965085741
34,I,H,I,0.119534991503167
34,I,M,A,0.0868775379354563
34,I,M,B,0.07704637743107502
34,I,M,C,0.17567856379568283
34,I,M,D,0.08591579397307117
34,I,M,E,0.19437914084206026
34,I,M,F,0.07020730925411413
34,I,M,G,0.10215858089335328
34,I,M,H,0.08238939944432572
34,I,M,I,0.1253472964308613
34,I,L,A,0.05456980247740208
34,I,L,B,0.07889744448164267
34,I,L,C,0.22943867871889298
34,I,L,D,0.08559312576721348
34,I,L,E,0.18290369378417587
34,I,L,F,0.08391920544582078
34,I,L,G,0.1423948220064725
34,I,L,H,0.06539448722240822
34,I,L,I,0.07688874009597144
35,R,R,A,0.11015358099165923
35,R,R,B,0.093718260441353
35,R,R,C,0.12957434366439938
35,R,R,D,0.11726324212858946
35,R,R,E,0.10667569480779293
35,R,R,F,0.13022067649502939
35,R,R,G,0.10655258379243483
35,R,R,H,0.10436736326982857
35,R,R,I,0.10147425440891324
35,C,H,A,0.11457848160223567
35,C,H,B,0.11178388448998602
35,C,H,C,0.11353050768514206
35,C,H,D,0.10561248253376805
35,C,H,E,0.11131811830461108
35,C,H,F,0.13192827200745225
35,C,H,G,0.09676292501164416
35,C,H,H,0.10456450861667443
35,C,H,I,0.10992081974848626
35,C,M,A,0.13490205741037328
35,C,M,B,0.11691511642232352
35,C,M,C,0.1073056547985709
35,C,M,D,0.10816804238018972
35,C,M,E,0.08057163976838734
35,C,M,F,0.1344092645065911
35,C,M,G,0.10336331156831341
35,C,M,H,0.11124799802882838
35,C,M,I,0.10311691511642232
35,C,L,A,0.11497968996103788
35,C,L,B,0.10096990798308879
35,C,L,C,0.12737295863383902
35,C,L,D,0.1143579540744425
35,C,L,E,0.09305313769377435
35,C,L,F,0.13081323053966676
35,C,L,G,0.10631683660780901
35,C,L,H,0.10449307800712924
35,C,L,I,0.10764320649921247
35,I,H,A,0.12387018038976393
35,I,H,B,0.10872964417833035
35,I,H,C,0.11711986575645475
35,I,H,D,0.1084245452118531
35,I,H,E,0.10380992334388467
35,I,H,F,0.1090347431448076
35,I,H,G,0.10579306662598681
35,I,H,H,0.10602189085084475
35,I,H,I,0.11719614049807406
35,I,M,A,0.14121711992866695
35,I,M,B,0.10566205974141775
35,I,M,C,0.10621934908604548
35,I,M,D,0.10153811859117254
35,I,M,E,0.09284440481497994
35,I,M,F,0.11792242532322782
35,I,M,G,0.10443602318323673
35,I,M,H,0.11914846188140883
35,I,M,I,0.11101203744984396
35,I,L,A,0.08383800151400454
35,I,L,B,0.08667676003028009
35,I,L,C,0.1255677517032551
35,I,L,D,0.1191332323996972
35,I,L,E,0.11676760030280091
35,I,L,F,0.13171839515518546
35,I,L,G,0.12509462528387585
35,I,L,H,0.10484481453444361
35,I,L,I,0.10635881907645722
36,R,R,A,0.11284069899206775
36,R,R,B,0.12372517444981213
36,R,R,C,0.1289437585733882
36,R,R,D,0.10455060535575833
36,R,R,E,0.09301007932247868
36,R,R,F,0.12360589252698753
36,R,R,G,0.12787022126796685
36,R,R,H,0.09834794536887935
36,R,R,I,0.08710562414266118
36,C,H,A,0.11187449902668041
36,C,H,B,0.09458376273903583
36,C,H,C,0.1016832703538303
36,C,H,D,0.11439367914805909
36,C,H,E,0.10637810603458148
36,C,H,F,0.1142791709607237
36,C,H,G,0.09641589373640215
36,C,H,H,0.14164662773388298
36,C,H,I,0.11874499026680407
36,C,M,A,0.10644257703081232
36,C,M,B,0.10285714285714286
36,C,M,C,0.11394957983193277
36,C,M,D,0.1180952380952381
36,C,M,E,0.11081232492997199
36,C,M,F,0.11742296918767507
36,C,M,G,0.0942296918767507
36,C,M,H,0.1400560224089636
36,C,M,I,0.0961344537815126
36,C,L,A,0.1071095274454908
36,C,L,B,0.09794689064223297
36,C,L,C,0.11788410961228472
36,C,L,D,0.097522694493934
36,C,L,E,0.11932637651650123
36,C,L,F,0.1277678798676508
36,C,L,G,0.10036480868753711
36,C,L,H,0.12318656146602189
36,C,L,I,0.10889115126834649
36,I,H,A,0.10000737245650251
36,I,H,B,0.1085594219994102
36,I,H,C,0.11372014155116485
36,I,H,D,0.1097758773223238
36,I,H,E,0.11655853730462991
36,I,H,F,0.1248894131524624
36,I,H,G,0.09661604246534945
36,I,H,H,0.1354320259510469
36,I,H,I,0.09444116779711
36,I,M,A,0.10760961214165261
36,I,M,B,0.12225969645868466
36,I,M,C,0.0894814502529511
36,I,M,D,0.10508010118043845
36,I,M,E,0.11203625632377741
36,I,M,F,0.10370994940978077
36,I,M,G,0.11266863406408094
36,I,M,H,0.12868887015177066
36,I,M,I,0.11846543001686341
36,I,L,A,0.1070448307410796
36,I,L,B,0.09677747280675003
36,I,L,C,0.10734980176883197
36,I,L,D,0.12930771576700215
36,I,L,E,0.09423604757548033
36,I,L,F,0.12412320829521195
36,I,L,G,0.10236860831554336
36,I,L,H,0.13195079800752263
36,I,L,I,0.10684151672257802
37,R,R,A,0.10046486023610007
37,R,R,B,0.1325769160193284
37,R,R,C,0.12043550064224112
37,R,R,D,0.10303382469875834
37,R,R,E,0.09985320203070525
37,R,R,F,0.1178359532693131
37,R,R,G,0.13682794054682243
37,R,R,H,0.1084164169062328
37,R,R,I,0.0805553856504985
37,C,H,A,0.07044962731425823
37,C,H,B,0.15244049050252464
37,C,H,C,0.10254868958884347
37,C,H,D,0.12839624909834094
37,C,H,E,0.09208944457802357
37,C,H,F,0.10795864390478481
37,C,H,G,0.16650637172397212
37,C,H,H,0.12262563116133686
37,C,H,I,0.05698485212791536
37,C,M,A,0.0734096541956804
37,C,M,B,0.14268854006845275
37,C,M,C,0.09760415437271333
37,C,M,D,0.10574766906644636
37,C,M,E,0.09016877139147882
37,C,M,F,0.11589755694559188
37,C,M,G,0.1600377670246666
37,C,M,H,0.13430898147055353
37,C,M,I,0.08013690546441637
37,C,L,A,0.07175925925925926
37,C,L,B,0.15193602693602692
37,C,L,C,0.08547979797979798
37,C,L,D,0.13674242424242425
37,C,L,E,0.08926767676767677
37,C,L,F,0.11132154882154882
37,C,L,G,0.15496632996632997
37,C,L,H,0.11973905723905724
37,C,L,I,0.07878787878787878
37,I,H,A,0.07440195152659741
37,I,H,B,0.16835851432168714
37,I,H,C,0.0764085615360403
37,I,H,D,0.1272426817752597
37,I,H,E,0.0910450110166824
37,I,H,F,0.11134718287692792
37,I,H,G,0.14396443185395028
37,I,H,H,0.12122285174693107
37,I,H,I,0.08600881334592382
37,I,M,A,0.07368421052631578
37,I,M,B,0.16591974986972383
37,I,M,C,0.08858780614903596
37,I,M,D,0.09619593538301198
37,I,M,E,0.12787910369984368
37,I,M,F,0.09588327253778009
37,I,M,G,0.13152683689421574
37,I,M,H,0.12569046378322044
37,I,M,I,0.09463262115685253
37,I,L,A,0.06757438224911749
37,I,L,B,0.19697428139183057
37,I,L,C,0.09853756933938478
37,I,L,D,0.11074130105900151
37,I,L,E,0.12829046898638427
37,I,L,F,0.07342410489157841
37,I,L,G,0.12455874936964195
37,I,L,H,0.12072617246596067
37,I,L,I,0.07917297024710035
38,R,R,A,0.08186876269539875
38,R,R,B,0.08228090317642557
38,R,R,C,0.13150225205334276
38,R,R,D,0.11360357973446378
38,R,R,E,0.13356295445847685
38,R,R,F,0.12243516147075274
38,R,R,G,0.10642055992228208
38,R,R,H,0.11239659689717095
38,R,R,I,0.11592922959168654
38,C,H,A,0.08306324659690711
38,C,H,B,0.09639781461246412
38,C,H,C,0.14242059449949068
38,C,H,D,0.09399018427632189
38,C,H,E,0.17547921103805908
38,C,H,F,0.08056301509399018
38,C,H,G,0.10380590795444022
38,C,H,H,0.12112232614130938
38,C,H,I,0.10315769978701732
38,C,M,A,0.07715896725689979
38,C,M,B,0.0891284993570086
38,C,M,C,0.19220496587199526
38,C,M,D,0.08833712533386091
38,C,M,E,0.1757839548916807
38,C,M,F,0.0807201503610644
38,C,M,G,0.10841824117123355
38,C,M,H,0.08942526461568899
38,C,M,I,0.09882283114056781
38,C,L,A,0.08540297474922172
38,C,L,B,0.0824974057419578
38,C,L,C,0.14105845728121758
38,C,L,D,0.10729851262538914
38,C,L,E,0.16783120027672085
38,C,L,F,0.08609477689380837
38,C,L,G,0.11148391560013836
38,C,L,H,0.09533033552404012
38,C,L,I,0.12300242130750605
38,I,H,A,0.07723926380368099
38,I,H,B,0.09217791411042944
38,I,H,C,0.12776073619631903
38,I,H,D,0.09674846625766871
38,I,H,E,0.18730061349693253
38,I,H,F,0.07414110429447852
38,I,H,G,0.09923312883435582
38,I,H,H,0.10904907975460122
38,I,H,I,0.13634969325153373
38,I,M,A,0.07309728052564336
38,I,M,B,0.06479284540974631
38,I,M,C,0.17046906369775505
38,I,M,D,0.0986493885745574
38,I,M,E,0.15814929731702865
38,I,M,F,0.07647380908924986
38,I,M,G,0.13661252053294395
38,I,M,H,0.0821317758715094
38,I,M,I,0.13962401898156598
38,I,L,A,0.0785772690106296
38,I,L,B,0.09362224039247752
38,I,L,C,0.1384300899427637
38,I,L,D,0.12289452166802943
38,I,L,E,0.14505314799672936
38,I,L,F,0.07743254292722812
38,I,L,G,0.11578086672117743
38,I,L,H,0.10482420278004906
38,I,L,I,0.12338511856091577
39,R,R,A,0.06345414287379093
39,R,R,B,0.08046847686749796
39,R,R,C,0.08367323155809346
39,R,R,D,0.16358815988812492
39,R,R,E,0.1084663792098823
39,R,R,F,0.11895466728819484
39,R,R,G,0.10022141941498659
39,R,R,H,0.17183311968302062
39,R,R,I,0.10934040321640834
39,C,H,A,0.04678030303030303
39,C,H,B,0.06212121212121212
39,C,H,C,0.09195075757575757
39,C,H,D,0.17821969696969697
39,C,H,E,0.15265151515151515
39,C,H,F,0.0978219696969697
39,C,H,G,0.08210227272727273
39,C,H,H,0.165625
39,C,H,I,0.12272727272727273
39,C,M,A,0.0546888542208355
39,C,M,B,0.07046281851274051
39,C,M,C,0.08632345293811752
39,C,M,D,0.16163979892529035
39,C,M,E,0.12324492979719189
39,C,M,F,0.12324492979719189
39,C,M,G,0.08606344253770151
39,C,M,H,0.1906742936384122
39,C,M,I,0.10365747963251863
39,C,L,A,0.049251870324189526
39,C,L,B,0.07032418952618454
39,C,L,C,0.08422693266832917
39,C,L,D,0.18154613466334166
39,C,L,E,0.12191396508728179
39,C,L,F,0.11221945137157108
39,C,L,G,0.09114713216957605
39,C,L,H,0.1742206982543641
39,C,L,I,0.11514962593516209
39,I,H,A,0.044155920974801845
39,I,H,B,0.04909499585945818
39,I,H,C,0.07772388501123861
39,I,H,D,0.16260499231042233
39,I,H,E,0.14864545131905832
39,I,H,F,0.08979060688512953
39,I,H,G,0.07494380693245002
39,I,H,H,0.19921921211404237
39,I,H,I,0.1538211285933988
39,I,M,A,0.0532290228562663
39,I,M,B,0.055299892621567724
39,I,M,C,0.08153090964871913
39,I,M,D,0.1474919466175794
39,I,M,E,0.16712685994784476
39,I,M,F,0.101932811780948
39,I,M,G,0.06979598097867772
39,I,M,H,0.18054916398220586
39,I,M,I,0.14304341156619113
39,I,L,A,0.04812792511700468
39,I,L,B,0.05959438377535101
39,I,L,C,0.07620904836193448
39,I,L,D,0.1533541341653666
39,I,L,E,0.1328393135725429
39,I,L,F,0.11708268330733229
39,I,L,G,0.06614664586583463
39,I,L,H,0.2201248049921997
39,I,L,I,0.1265210608424337
40,R,R,A,0.08528885119215908
40,R,R,B,0.09273395532937517
40,R,R,C,0.10383093016680803
40,R,R,D,0.14261144095749695
40,R,R,E,0.08481764206955046
40,R,R,F,0.14400150786919236
40,R,R,G,0.14393082650080105
40,R,R,H,0.10145132409763453
40,R,R,I,0.10133352181698238
40,C,H,A,0.07534332871361976
40,C,H,B,0.09058838352022175
40,C,H,C,0.11440090714375709
40,C,H,D,0.13153584477762378
40,C,H,E,0.08265087564570997
40,C,H,F,0.16656167317626308
40,C,H,G,0.16013607156356305
40,C,H,H,0.10696736802318256
40,C,H,I,0.07181554743605896
40,C,M,A,0.08088324996950104
40,C,M,B,0.09698670245211663
40,C,M,C,0.09125289740148836
40,C,M,D,0.14749298523850188
40,C,M,E,0.07905331218738564
40,C,M,F,0.1461510308649506
40,C,M,G,0.15408076125411735
40,C,M,H,0.10772233744052702
40,C,M,I,0.0963767231914115
40,C,L,A,0.08388136959565531
40,C,L,B,0.10327124612838899
40,C,L,C,0.1058169629598201
40,C,L,D,0.11930926216640503
40,C,L,E,0.08023250880393737
40,C,L,F,0.1831218974076117
40,C,L,G,0.13598370741227883
40,C,L,H,0.11816368959226102
40,C,L,I,0.07021935593364165
40,I,H,A,0.087000037068614
40,I,H,B,0.09437669125551396
40,I,H,C,0.1173221633243133
40,I,H,D,0.11142825369759425
40,I,H,E,0.11676613411424547
40,I,H,F,0.13726507765874635
40,I,H,G,0.12395744523112281
40,I,H,H,0.1259220817733625
40,I,H,I,0.08596211587648737
40,I,M,A,0.08655599270703387
40,I,M,B,0.0924095576240284
40,I,M,C,0.11016217253622493
40,I,M,D,0.13069762978600902
40,I,M,E,0.09260147778524135
40,I,M,F,0.1553593705018712
40,I,M,G,0.13444007292966126
40,I,M,H,0.10737933019863737
40,I,M,I,0.09039439593129259
40,I,L,A,0.0903938520653218
40,I,L,B,0.08645533141210375
40,I,L,C,0.13025936599423632
40,I,L,D,0.11690682036503362
40,I,L,E,0.09221902017291066
40,I,L,F,0.1521613832853026
40,I,L,G,0.14245917387127763
40,I,L,H,0.10854947166186359
40,I,L,I,0.08059558117195005
41,R,R,A,0.1371383273880301
41,R,R,B,0.08360010975944389
41,R,R,C,0.13573584560504892
41,R,R,D,0.0956126711180219
41,R,R,E,0.12091832068050855
41,R,R,F,0.13360163419616453
41,R,R,G,0.08567334369950304
41,R,R,H,0.10811305222720205
41,R,R,I,0.09960669532607701
41,C,H,A,0.1284132032021055
41,C,H,B,0.05801074679241145
41,C,H,C,0.19212632964140805
41,C,H,D,0.08783857879153416
41,C,H,E,0.12029827831999122
41,C,H,F,0.14343678034872245
41,C,H,G,0.08948349599736813
41,C,H,H,0.06656431626274811
41,C,H,I,0.11382827064371093
41,C,M,A,0.120549963172109
41,C,M,B,0.06444880923152467
41,C,M,C,0.1713724527375399
41,C,M,D,0.10508224895654308
41,C,M,E,0.09685735330223423
41,C,M,F,0.1512398723299779
41,C,M,G,0.10680088386938374
41,C,M,H,0.07917996562730174
41,C,M,I,0.10446845077338571
41,C,L,A,0.13271433850702144
41,C,L,B,0.057233924611973394
41,C,L,C,0.18856245380635625
41,C,L,D,0.09234109386548411
41,C,L,E,0.09839246119733924
41,C,L,F,0.16167775314116778
41,C,L,G,0.0942350332594235
41,C,L,H,0.07404841093865484
41,C,L,I,0.10079453067257946
41,I,H,A,0.15938390046469794
41,I,H,B,0.06052315994603508
41,I,H,C,0.1884275221106281
41,I,H,D,0.08795532903612652
41,I,H,E,0.13727327237295758
41,I,H,F,0.11100284814870334
41,I,H,G,0.06869284964772898
41,I,H,H,0.07150352271023834
41,I,H,I,0.11523759556288413
41,I,M,A,0.13572967456627735
41,I,M,B,0.05771629436444041
41,I,M,C,0.19548701666855653
41,I,M,D,0.09989794761310807
41,I,M,E,0.14310012473069508
41,I,M,F,0.12495747817212836
41,I,M,G,0.07835355482481007
41,I,M,H,0.07483841705408777
41,I,M,I,0.08991949200589636
41,I,L,A,0.11698157219500817
41,I,L,B,0.05551667832983438
41,I,L,C,0.23466293445299743
41,I,L,D,0.06974574294378354
41,I,L,E,0.14590622813156054
41,I,L,F,0.1132493585257756
41,I,L,G,0.09657102869139259
41,I,L,H,0.062164683928154885
41,I,L,I,0.10520177280149288
42,R,R,A,0.09432977024204448
42,R,R,B,0.08274972355326207
42,R,R,C,0.12630544292910678
42,R,R,D,0.10406683867797027
42,R,R,E,0.14513453741245852
42,R,R,F,0.11189949625261089
42,R,R,G,0.10400540606954171
42,R,R,H,0.12010074947782283
42,R,R,I,0.11140803538518246
42,C,H,A,0.05123950810072223
42,C,H,B,0.08042162795237166
42,C,H,C,0.10384540308413039
42,C,H,D,0.16162404840913527
42,C,H,E,0.12326761663088034
42,C,H,F,0.09174311926605505
42,C,H,G,0.14552020300605115
42,C,H,H,0.11858286160452859
42,C,H,I,0.12375561194612532
42,C,M,A,0.06668168506420365
42,C,M,B,0.1041901329128182
42,C,M,C,0.0688218067132237
42,C,M,D,0.163325073214688
42,C,M,E,0.1333633701284073
42,C,M,F,0.0913494030186979
42,C,M,G,0.13144852444244198
42,C,M,H,0.11826988060373958
42,C,M,I,0.12255012390177968
42,C,L,A,0.06768823306848279
42,C,L,B,0.09103291713961408
42,C,L,C,0.08373060915626182
42,C,L,D,0.18509269769201664
42,C,L,E,0.11782065834279228
42,C,L,F,0.08743851683692773
42,C,L,G,0.1280741581536133
42,C,L,H,0.11388573590616724
42,C,L,I,0.1252364737041241
42,I,H,A,0.06641110650642354
42,I,H,B,0.09448818897637795
42,I,H,C,0.11313717364276833
42,I,H,D,0.13624119353501865
42,I,H,E,0.13682829120044204
42,I,H,F,0.08599254040613344
42,I,H,G,0.11748860339825942
42,I,H,H,0.12798729106230142
42,I,H,I,0.12142561127227518
42,I,M,A,0.07774600148289376
42,I,M,B,0.08632560110157822
42,I,M,C,0.09670585743035695
42,I,M,D,0.16068213113017688
42,I,M,E,0.11958478974684886
42,I,M,F,0.10168414362885288
42,I,M,G,0.10168414362885288
42,I,M,H,0.13134201885393496
42,I,M,I,0.12424531299650461
42,I,L,A,0.07207034983750717
42,I,L,B,0.09137832154463774
42,I,L,C,0.08679028866373542
42,I,L,D,0.11326706174727585
42,I,L,E,0.15694895813419996
42,I,L,F,0.09472376218696234
42,I,L,G,0.1037086599120627
42,I,L,H,0.12846492066526477
42,I,L,I,0.15264767730835405
43,R,R,A,0.249494288434079
43,R,R,B,0.07303069966682532
43,R,R,C,0.06675392670157068
43,R,R,D,0.13898143741075678
43,R,R,E,0.07499405045216563
43,R,R,F,0.10310566396953831
43,R,R,G,0.06255949547834365
43,R,R,H,0.09691813422179914
43,R,R,I,0.13416230366492146
43,C,H,A,0.07533436448002911
43,C,H,B,0.07160403966881994
43,C,H,C,0.06760076426166864
43,C,H,D,0.18651624056045857
43,C,H,E,0.10272040760622328
43,C,H,F,0.10490401237376035
43,C,H,G,0.09971795105085979
43,C,H,H,0.13784005095077792
43,C,H,I,0.15376216904740242
43,C,M,A,0.10166983724371169
43,C,M,B,0.09923906150919468
43,C,M,C,0.06985838089198901
43,C,M,D,0.1706827309236948
43,C,M,E,0.08454872120059184
43,C,M,F,0.12861974212640034
43,C,M,G,0.09649122807017543
43,C,M,H,0.09395476643415768
43,C,M,I,0.15493553160008455
43,C,L,A,0.09471013485332963
43,C,L,B,0.08897539274294453
43,C,L,C,0.07152787432225775
43,C,L,D,0.1911928263589601
43,C,L,E,0.07048519393855136
43,C,L,F,0.12241067704712916
43,C,L,G,0.10305157792298067
43,C,L,H,0.11768385930766022
43,C,L,I,0.13996246350618657
43,I,H,A,0.08531595696317625
43,I,H,B,0.08037581451735111
43,I,H,C,0.07095014396120625
43,I,H,D,0.20218214881042582
43,I,H,E,0.09407485982724655
43,I,H,F,0.10607667828458857
43,I,H,G,0.09016517654190029
43,I,H,H,0.11513865737232915
43,I,H,I,0.15572056372177603
43,I,M,A,0.10075187969924812
43,I,M,B,0.07350729765590447
43,I,M,C,0.06625386996904024
43,I,M,D,0.21857585139318886
43,I,M,E,0.06492702344095533
43,I,M,F,0.12251216275984078
43,I,M,G,0.08845643520566121
43,I,M,H,0.12631578947368421
43,I,M,I,0.1386996904024768
43,I,L,A,0.09972135438655746
43,I,L,B,0.11120493118297729
43,I,L,C,0.08004728531622055
43,I,L,D,0.17115595710546314
43,I,L,E,0.08232711306256861
43,I,L,F,0.10495651439669003
43,I,L,G,0.09516169889386135
43,I,L,H,0.12167525120324242
43,I,L,I,0.13374989445241914
44,R,R,A,0.07807652533609101
44,R,R,B,0.05778940324837277
44,R,R,C,0.1626619624064724
44,R,R,D,0.13096903704604904
44,R,R,E,0.12798832045744876
44,R,R,F,0.11709958026643956
44,R,R,G,0.1244905407871525
44,R,R,H,0.07822860271306041
44,R,R,I,0.12269602773891355
44,C,H,A,0.06265695630336514
44,C,H,B,0.0796082370668006
44,C,H,C,0.16737820190858865
44,C,H,D,0.13184329482672025
44,C,H,E,0.11489201406328478
44,C,H,F,0.08864892014063284
44,C,H,G,0.2051732797589151
44,C,H,H,0.07169763937719739
44,C,H,I,0.07810145655449523
44,C,M,A,0.07051117390187515
44,C,M,B,0.07641921397379912
44,C,M,C,0.1646545080914462
44,C,M,D,0.13177498073465194
44,C,M,E,0.10416131518109427
44,C,M,F,0.07744669920369894
44,C,M,G,0.1938094014898536
44,C,M,H,0.07102491651682508
44,C,M,I,0.11019779090675572
44,C,L,A,0.0683980002654515
44,C,L,B,0.07131796664159624
44,C,L,C,0.17050833960093792
44,C,L,D,0.12126708843958767
44,C,L,E,0.11759500951201168
44,C,L,F,0.0855196212892094
44,C,L,G,0.18962084679024907
44,C,L,H,0.0725124983409282
44,C,L,I,0.10326062912002831
44,I,H,A,0.05941989274670215
44,I,H,B,0.07942224135906369
44,I,H,C,0.1947391083101734
44,I,H,D,0.10964105374407954
44,I,H,E,0.13410576584334755
44,I,H,F,0.0810662700121345
44,I,H,G,0.1710964105374408
44,I,H,H,0.066544016910009
44,I,H,I,0.10396524053704936
44,I,M,A,0.04607193306530479
44,I,M,B,0.08986200152124307
44,I,M,C,0.1871128979680539
44,I,M,D,0.1320221666847767
44,I,M,E,0.1164837552971857
44,I,M,F,0.06606541345213518
44,I,M,G,0.18624361621210475
44,I,M,H,0.06367488862327501
44,I,M,I,0.11246332717592089
44,I,L,A,0.06630081756075708
44,I,L,B,0.07682831224101243
44,I,L,C,0.20573412476201142
44,I,L,D,0.10393101131145704
44,I,L,E,0.13786538246164184
44,I,L,F,0.07626833911972225
44,I,L,G,0.17056781274498825
44,I,L,H,0.08321200582372046
44,I,L,I,0.07929219397468922
